sub_id_6,sub_id_5,sub_id_2,sub_id_3,day,clicks,lp_clicks,lp_ctr,cr,cost,campaign_unique_clicks,conversions,roi_confirmed,revenue,profit,revenue_to_cost_ratio,conversion_rate,profit_margin,cluster,recommendation,reason,priority,urgent,action_needed,potential_impact
21-07-2025 - SE - Milwaukee - Man - 55-64 - Creative 1,Adset #1,120230253912550153,120230253910630153,2025-07-28,123,41,33.33,4.88,40.68,113,6,-60.18,16.2,-24.48,0.39823007870624194,0.04878048740828872,-0.6017698967116545,-1,PAUSE_IMMEDIATELY,Outlier with poor performance - stop spending,1,True,True,2448.1224
22-07-2025 - SE - Marabou - Woman - 45-55 - Creative 5,Adset #1,120231357665330295,120231357664690295,2025-07-28,148,60,40.54,4.73,48.5895,136,7,-49.58,24.5,-24.09,0.5042241532795325,0.04729729697772097,-0.4957861164287322,-1,PAUSE_IMMEDIATELY,Outlier with poor performance - stop spending,1,True,True,2409.06741
25-07-2025 - DE - Gillette - Creative 4,MV25-64 - Adset 2,120228987232210368,120228987231050368,2025-07-28,42,20,47.62,2.38,21.57,36,1,-80.06,4.3,-17.27,0.1993509411520194,0.0238095232426304,-0.8006490124872965,-1,PAUSE_IMMEDIATELY,Outlier with poor performance - stop spending,1,True,True,1726.8942000000002
25-07-2025 - DE - Barilla - Creative 3,MV25-64 - Adset 3,120230191644640235,120230191643530235,2025-07-28,22,7,31.82,0.0,11.56,20,0,-100.0,0.0,-11.56,0.0,0.0,-0.9999999134948172,-1,PAUSE_IMMEDIATELY,Outlier with poor performance - stop spending,1,True,True,1156.0
23-07-2025 - DE - Makita - Man - Creative 1,Adset #5,120227403475770519,120227403362470519,2025-07-28,30,19,63.33,3.33,15.22,27,1,-71.75,4.3,-10.92,0.28252297749520516,0.033333332222222255,-0.7174769568017768,-1,PAUSE_IMMEDIATELY,Outlier with poor performance - stop spending,1,True,True,1092.035
07-07-2025 - US - Aldi - Creative 10,Adset #3,120227961727090075,120227961675480075,2025-07-28,206,137,66.5,6.31,54.26,191,13,-18.48,44.23,-10.03,0.8151492662154577,0.06310679581016118,-0.18485071535476014,-1,PAUSE_IMMEDIATELY,Outlier with poor performance - stop spending,1,True,True,1002.7248
24-07-2025 - DE - Makita - Photos NEW - Man - Creative 3,Adset #4,120227495341490519,120227495130180519,2025-07-28,18,7,38.89,0.0,9.6,16,0,-100.0,0.0,-9.6,0.0,0.0,-0.9999998958333443,-1,PAUSE_IMMEDIATELY,Outlier with poor performance - stop spending,1,True,True,960.0
23-07-2025 - DE - Xiaomi - Creative 5,Adset #2,120229975582590210,120229975531080210,2025-07-28,33,21,63.64,0.0,9.5,32,0,-100.0,0.0,-9.5,0.0,0.0,-0.9999998947368532,-1,PAUSE_IMMEDIATELY,Outlier with poor performance - stop spending,1,True,True,950.0
23-07-2025 - IT - Douglas - Woman - Creative 2,Adset #1,120230635993010628,120230635990900628,2025-07-28,94,44,46.81,3.19,13.15,78,3,-54.37,6.0,-7.15,0.45627372956093315,0.03191489327750113,-0.5437261943934454,-1,PAUSE_IMMEDIATELY,Outlier with poor performance - stop spending,1,True,True,714.9655
26-07-2025 - DE - Xiaomi - Reviews - Creative 1,Adset #2,120232806021610679,120232805992200679,2025-07-28,18,7,38.89,0.0,6.16,15,0,-100.0,0.0,-6.16,0.0,0.0,-0.999999837662364,-1,PAUSE_IMMEDIATELY,Outlier with poor performance - stop spending,1,True,True,616.0
25-07-2025 - DE - Barilla - Creative 2,MV25-64 - Adset 1,120230191644650235,120230191643550235,2025-07-28,10,3,30.0,0.0,5.47,7,0,-100.0,0.0,-5.47,0.0,0.0,-0.9999998171846769,-1,PAUSE_IMMEDIATELY,Outlier with poor performance - stop spending,1,True,True,547.0
25-07-2025 - DE - Barilla - Creative 2,MV25-64 - Adset 2,120230191644630235,120230191643550235,2025-07-28,6,4,66.67,0.0,5.42,5,0,-100.0,0.0,-5.42,0.0,0.0,-0.999999815498189,-1,PAUSE_IMMEDIATELY,Outlier with poor performance - stop spending,1,True,True,542.0
26-07-2025 - DE - Lenor - Reviews 2 - Creative 1,Adset #3,120231898921830596,120231898512020596,2025-07-28,1,0,0.0,0.0,4.69,1,0,-100.0,0.0,-4.69,0.0,0.0,-0.9999997867804292,-1,PAUSE_IMMEDIATELY,Outlier with poor performance - stop spending,1,True,True,469.00000000000006
23-07-2025 - DE - Xiaomi - Creative 2,Adset #5,120229974881440210,120229974586200210,2025-07-28,35,19,54.29,2.86,8.85,32,1,-51.41,4.3,-4.55,0.48587565131348576,0.028571427755102068,-0.5141242356921768,-1,PAUSE_IMMEDIATELY,Outlier with poor performance - stop spending,1,True,True,454.97849999999994
26-07-2025 - DE - Xiaomi - Reviews - Creative 4,Adset #3,120232807001380679,120232806911290679,2025-07-28,20,10,50.0,0.0,4.5,15,0,-100.0,0.0,-4.5,0.0,0.0,-0.9999997777778271,-1,PAUSE_IMMEDIATELY,Outlier with poor performance - stop spending,1,True,True,450.0
26-07-2025 - DE - Lenor - Reviews 2 - Creative 4,Adset #3,120231900367630596,120231900346500596,2025-07-28,2,1,50.0,0.0,4.39,2,0,-100.0,0.0,-4.39,0.0,0.0,-0.9999997722096191,-1,PAUSE_IMMEDIATELY,Outlier with poor performance - stop spending,1,True,True,438.99999999999994
26-07-2025 - DE - Xiaomi - Reviews - Creative 5,Adset #5,120232807331590679,120232807143550679,2025-07-28,4,1,25.0,0.0,4.3,4,0,-100.0,0.0,-4.3,0.0,0.0,-0.9999997674419145,-1,PAUSE_IMMEDIATELY,Outlier with poor performance - stop spending,1,True,True,430.0
23-07-2025 - DE - Makita - Photo - Creative 3,Adset #3,120227446608970519,120227446586830519,2025-07-28,9,4,44.44,0.0,4.15,9,0,-100.0,0.0,-4.15,0.0,0.0,-0.9999997590362026,-1,PAUSE_IMMEDIATELY,Outlier with poor performance - stop spending,1,True,True,415.00000000000006
26-07-2025 - DE - Makita - Reviews - Creative 5,Adset #3,120227651539370519,120227651490530519,2025-07-28,9,3,33.33,0.0,4.13,9,0,-100.0,0.0,-4.13,0.0,0.0,-0.999999757869308,-1,PAUSE_IMMEDIATELY,Outlier with poor performance - stop spending,1,True,True,413.0
26-07-2025 - DE - Lenor - Review - Creative 4,Adset #2,120231893480620596,120231893397770596,2025-07-28,3,1,33.33,0.0,4.1,3,0,-100.0,0.0,-4.1,0.0,0.0,-0.9999997560976205,-1,PAUSE_IMMEDIATELY,Outlier with poor performance - stop spending,1,True,True,409.99999999999994
26-07-2025 - DE - Lenor - Reviews 2 - Creative 3,Adset #5,120231900281910596,120231899898560596,2025-07-28,5,0,0.0,0.0,3.85,5,0,-100.0,0.0,-3.85,0.0,0.0,-0.9999997402598076,-1,PAUSE_IMMEDIATELY,Outlier with poor performance - stop spending,1,True,True,385.0
28-07-2025 - DE - Lenor - Reviews 2 - Creative 5,Adset #1,120232069203810596,120232069202540596,2025-07-28,5,3,60.0,0.0,3.84,5,0,-100.0,0.0,-3.84,0.0,0.0,-0.9999997395834012,-1,PAUSE_IMMEDIATELY,Outlier with poor performance - stop spending,1,True,True,384.0
23-07-2025 - DE - Makita - Man - Creative 4,Adset #4,120227404131140519,120227403910460519,2025-07-28,8,4,50.0,0.0,3.83,8,0,-100.0,0.0,-3.83,0.0,0.0,-0.9999997389034624,-1,PAUSE_IMMEDIATELY,Outlier with poor performance - stop spending,1,True,True,383.0
28-04-2025 - SE - Malediven - TUI - Videos - Creative 1,Adset #3,120222339848160262,120222339834050262,2025-07-28,61,26,42.62,9.84,19.81,55,6,-18.22,16.2,-3.61,0.8177687623539242,0.09836065412523519,-0.1822311871665226,-1,PAUSE_IMMEDIATELY,Outlier with poor performance - stop spending,1,True,True,360.93819999999994
28-07-2025 - DE - Xiaomi - Reviews - Clicks - Creative 2,Adset 1,120232945267020679,120232945266580679,2025-07-28,15,2,13.33,0.0,3.55,14,0,-100.0,0.0,-3.55,0.0,0.0,-0.9999997183099385,-1,PAUSE_IMMEDIATELY,Outlier with poor performance - stop spending,1,True,True,355.0
25-07-2025 - DE - Rituals - Creative 3,25-64 - Adset 5,120230831546950045,120230831546050045,2025-07-28,3,1,33.33,0.0,3.53,3,0,-100.0,0.0,-3.53,0.0,0.0,-0.9999997167139613,-1,PAUSE_IMMEDIATELY,Outlier with poor performance - stop spending,1,True,True,353.0
26-07-2025 - DE - Xiaomi - Reviews - Creative 4,Adset #4,120232807045940679,120232806911290679,2025-07-28,5,4,80.0,0.0,3.52,4,0,-100.0,0.0,-3.52,0.0,0.0,-0.9999997159091716,-1,PAUSE_IMMEDIATELY,Outlier with poor performance - stop spending,1,True,True,352.0
25-07-2025 - DE - Gillette - Creative 2,MV25-64 - Adset 3,120228987231460368,120228987231030368,2025-07-28,45,25,55.56,11.11,25.17,38,5,-13.79,21.7,-3.47,0.8621374309838127,0.11111110864197538,-0.13786252928635162,-1,PAUSE_IMMEDIATELY,Outlier with poor performance - stop spending,1,True,True,347.0943
26-07-2025 - DE - Makita - Reviews - Creative 4,Adset #3,120227651433630519,120227651386510519,2025-07-28,9,3,33.33,0.0,3.4,7,0,-100.0,0.0,-3.4,0.0,0.0,-0.9999997058824394,-1,PAUSE_IMMEDIATELY,Outlier with poor performance - stop spending,1,True,True,340.0
25-07-2025 - US - Aldi - Creative 4,MV25-64 - Adset 4,120229247264770075,120229247264480075,2025-07-28,14,11,78.57,0.0,3.37,12,0,-100.0,0.0,-3.37,0.0,0.0,-0.999999703264183,-1,PAUSE_IMMEDIATELY,Outlier with poor performance - stop spending,1,True,True,337.0
28-07-2025 - DE - Lenor - Reviews 2 - Creative 1,Adset #1,120232069203610596,120232069202510596,2025-07-28,3,2,66.67,0.0,3.36,3,0,-100.0,0.0,-3.36,0.0,0.0,-0.999999702381041,-1,PAUSE_IMMEDIATELY,Outlier with poor performance - stop spending,1,True,True,336.0
25-07-2025 - US - Aldi - Creative 2,MV25-64 - Adset 2,120229247264750075,120229247263580075,2025-07-28,7,5,71.43,0.0,3.31,6,0,-100.0,0.0,-3.31,0.0,0.0,-0.9999996978852876,-1,PAUSE_IMMEDIATELY,Outlier with poor performance - stop spending,1,True,True,331.0
26-07-2025 - DE - Makita - Reviews - Creative 2,Adset #1,120227651204990519,120227651204390519,2025-07-28,10,5,50.0,0.0,3.18,7,0,-100.0,0.0,-3.18,0.0,0.0,-0.99999968553469,-1,PAUSE_IMMEDIATELY,Outlier with poor performance - stop spending,1,True,True,318.0
26-07-2025 - DE - Makita - Reviews - Creative 1,Adset #2,120227651124530519,120227651107880519,2025-07-28,7,1,14.29,0.0,3.15,5,0,-100.0,0.0,-3.15,0.0,0.0,-0.9999996825397833,-1,PAUSE_IMMEDIATELY,Outlier with poor performance - stop spending,1,True,True,315.0
22-07-2025 - SE - Marabou - Woman - 55-64 - Creative 1,Adset #1,120231357686190295,120231357685360295,2025-07-28,39,14,35.9,7.69,13.62,38,3,-22.91,10.5,-3.12,0.7709250535297318,0.0769230749506904,-0.22907487304883462,-1,PAUSE_IMMEDIATELY,Outlier with poor performance - stop spending,1,True,True,312.0342
28-07-2025 - DE - Lenor - Reviews 2 - Creative 2,Adset #1,120232069203450596,120232069202530596,2025-07-28,6,4,66.67,0.0,3.11,5,0,-100.0,0.0,-3.11,0.0,0.0,-0.999999678456695,-1,PAUSE_IMMEDIATELY,Outlier with poor performance - stop spending,1,True,True,311.0
26-07-2025 - DE - Makita - Reviews - Creative 1,Adset #3,120227651146890519,120227651107880519,2025-07-28,3,1,33.33,0.0,3.1,3,0,-100.0,0.0,-3.1,0.0,0.0,-0.9999996774194588,-1,PAUSE_IMMEDIATELY,Outlier with poor performance - stop spending,1,True,True,310.0
26-07-2025 - DE - Lenor - Review - Creative 2,Adset #4,120231893089640596,120231892943090596,2025-07-28,10,3,30.0,0.0,3.08,9,0,-100.0,0.0,-3.08,0.0,0.0,-0.9999996753247807,-1,PAUSE_IMMEDIATELY,Outlier with poor performance - stop spending,1,True,True,308.0
25-07-2025 - US - Aldi - Creative 4,MV25-64 - Adset 5,120229247264690075,120229247264480075,2025-07-28,15,10,66.67,0.0,3.07,13,0,-100.0,0.0,-3.07,0.0,0.0,-0.999999674267207,-1,PAUSE_IMMEDIATELY,Outlier with poor performance - stop spending,1,True,True,307.0
25-07-2025 - DE - Barilla - Creative 4,MV25-64 - Adset 3,120230191644670235,120230191644300235,2025-07-28,2,1,50.0,0.0,3.04,2,0,-100.0,0.0,-3.04,0.0,0.0,-0.9999996710527398,-1,PAUSE_IMMEDIATELY,Outlier with poor performance - stop spending,1,True,True,304.0
28-07-2025 - DE - Lenor - Reviews 2 - Creative 4,Adset #1,120232069204010596,120232069202520596,2025-07-28,3,2,66.67,0.0,3.01,2,0,-100.0,0.0,-3.01,0.0,0.0,-0.9999996677741967,-1,PAUSE_IMMEDIATELY,Outlier with poor performance - stop spending,1,True,True,301.0
23-07-2025 - DE - Rituals - Woman - Creative 4,Adset #1,120230627284340045,120230627283350045,2025-07-28,2,1,50.0,0.0,3.0,2,0,-100.0,0.0,-3.0,0.0,0.0,-0.9999996666667778,-1,PAUSE_IMMEDIATELY,Outlier with poor performance - stop spending,1,True,True,300.0
23-07-2025 - IT - Douglas - Woman - Creative 3,Adset #4,120230636289640628,120230636152280628,2025-07-28,18,14,77.78,0.0,3.0,17,0,-100.0,0.0,-3.0,0.0,0.0,-0.9999996666667778,-1,PAUSE_IMMEDIATELY,Outlier with poor performance - stop spending,1,True,True,300.0
25-07-2025 - US - Aldi - Creative 3,MV25-64 - Adset 3,120229247264640075,120229247263590075,2025-07-28,44,25,56.82,4.55,9.71,42,2,-29.93,6.8,-2.91,0.7003088877127819,0.04545454442148763,-0.299691009300617,-1,PAUSE_IMMEDIATELY,Outlier with poor performance - stop spending,1,True,True,290.62030000000004
26-07-2025 - DE - Makita - Reviews - Creative 4,Adset #4,120227651452800519,120227651386510519,2025-07-28,7,1,14.29,0.0,2.9,7,0,-100.0,0.0,-2.9,0.0,0.0,-0.9999996551725326,-1,PAUSE_IMMEDIATELY,Outlier with poor performance - stop spending,1,True,True,290.0
25-07-2025 - US - Aldi - Creative 1,MV25-64 - Adset 3,120229247246370075,120229247006550075,2025-07-28,28,19,67.86,3.57,6.28,25,1,-45.78,3.41,-2.87,0.5429935441093082,0.035714284438775556,-0.45700629665504827,-1,PAUSE_IMMEDIATELY,Outlier with poor performance - stop spending,1,True,True,287.4984
26-07-2025 - DE - Lenor - Review - Creative 1,Adset #2,120231892805720596,120231892780860596,2025-07-28,3,2,66.67,0.0,2.79,3,0,-100.0,0.0,-2.79,0.0,0.0,-0.9999996415771893,-1,PAUSE_IMMEDIATELY,Outlier with poor performance - stop spending,1,True,True,279.0
26-07-2025 - DE - Xiaomi - Reviews - Creative 3,Adset #2,120232806554170679,120232806512360679,2025-07-28,3,3,100.0,0.0,2.77,3,0,-100.0,0.0,-2.77,0.0,0.0,-0.9999996389893,-1,PAUSE_IMMEDIATELY,Outlier with poor performance - stop spending,1,True,True,277.0
25-07-2025 - US - Aldi - Creative 4,MV25-64 - Adset 2,120229247264730075,120229247264480075,2025-07-28,19,12,63.16,0.0,2.76,17,0,-100.0,0.0,-2.76,0.0,0.0,-0.9999996376812906,-1,PAUSE_IMMEDIATELY,Outlier with poor performance - stop spending,1,True,True,276.0
26-07-2025 - DE - Xiaomi - Reviews - Creative 1,Adset #1,120232805992700679,120232805992200679,2025-07-28,13,4,30.77,0.0,2.64,12,0,-100.0,0.0,-2.64,0.0,0.0,-0.9999996212122646,-1,PAUSE_IMMEDIATELY,Outlier with poor performance - stop spending,1,True,True,264.0
26-07-2025 - DE - Makita - Reviews - Creative 2,Adset #2,120227651219030519,120227651204390519,2025-07-28,3,0,0.0,0.0,2.56,2,0,-100.0,0.0,-2.56,0.0,0.0,-0.9999996093751525,-1,PAUSE_IMMEDIATELY,Outlier with poor performance - stop spending,1,True,True,256.0
26-07-2025 - DE - Makita - Reviews - Creative 5,Adset #4,120227651562790519,120227651490530519,2025-07-28,7,0,0.0,0.0,2.56,6,0,-100.0,0.0,-2.56,0.0,0.0,-0.9999996093751525,-1,PAUSE_IMMEDIATELY,Outlier with poor performance - stop spending,1,True,True,256.0
26-07-2025 - DE - Xiaomi - Reviews - Creative 5,Adset #3,120232807240950679,120232807143550679,2025-07-28,5,4,80.0,0.0,2.46,5,0,-100.0,0.0,-2.46,0.0,0.0,-0.9999995934961001,-1,PAUSE_IMMEDIATELY,Outlier with poor performance - stop spending,1,True,True,246.0
23-07-2025 - IT - Douglas - Woman - Creative 3,Adset #1,120230636157520628,120230636152280628,2025-07-28,20,13,65.0,0.0,2.43,16,0,-100.0,0.0,-2.43,0.0,0.0,-0.9999995884775356,-1,PAUSE_IMMEDIATELY,Outlier with poor performance - stop spending,1,True,True,243.00000000000003
23-07-2025 - DE - Makita - Photo - Creative 3,Adset #5,120227446625420519,120227446586830519,2025-07-28,2,0,0.0,0.0,2.4,2,0,-100.0,0.0,-2.4,0.0,0.0,-0.9999995833335069,-1,PAUSE_IMMEDIATELY,Outlier with poor performance - stop spending,1,True,True,240.0
26-07-2025 - DE - Lenor - Review - Creative 3,Adset #4,120231893272510596,120231893173470596,2025-07-28,6,2,33.33,0.0,2.4,4,0,-100.0,0.0,-2.4,0.0,0.0,-0.9999995833335069,-1,PAUSE_IMMEDIATELY,Outlier with poor performance - stop spending,1,True,True,240.0
26-07-2025 - DE - Makita - Reviews - Creative 1,Adset #5,120227651186670519,120227651107880519,2025-07-28,8,5,62.5,0.0,2.31,7,0,-100.0,0.0,-2.31,0.0,0.0,-0.9999995670997545,-1,PAUSE_IMMEDIATELY,Outlier with poor performance - stop spending,1,True,True,231.0
26-07-2025 - DE - Lenor - Review - Creative 4,Adset #4,120231893834980596,120231893397770596,2025-07-28,9,0,0.0,0.0,2.17,2,0,-100.0,0.0,-2.17,0.0,0.0,-0.9999995391707193,-1,PAUSE_IMMEDIATELY,Outlier with poor performance - stop spending,1,True,True,217.0
26-07-2025 - DE - Makita - Reviews - Creative 2,Adset #3,120227651229760519,120227651204390519,2025-07-28,3,0,0.0,0.0,2.11,3,0,-100.0,0.0,-2.11,0.0,0.0,-0.9999995260665753,-1,PAUSE_IMMEDIATELY,Outlier with poor performance - stop spending,1,True,True,211.0
23-07-2025 - UK - Lenor - Woman - Creative 2,Adset #4,120231940045730400,120231939970540400,2025-07-28,8,6,75.0,0.0,2.07,8,0,-100.0,0.0,-2.07,0.0,0.0,-0.9999995169084459,-1,PAUSE_IMMEDIATELY,Outlier with poor performance - stop spending,1,True,True,206.99999999999997
23-07-2025 - DE - Rituals - Woman - Creative 5,Adset #5,120230627769990045,120230627430160045,2025-07-28,2,1,50.0,0.0,2.06,2,0,-100.0,0.0,-2.06,0.0,0.0,-0.9999995145633424,-1,PAUSE_IMMEDIATELY,Outlier with poor performance - stop spending,1,True,True,206.0
26-07-2025 - DE - Xiaomi - Reviews - Creative 2,Adset #3,120232806328280679,120232806207870679,2025-07-28,5,3,60.0,0.0,2.03,5,0,-100.0,0.0,-2.03,0.0,0.0,-0.9999995073894051,-1,PAUSE_IMMEDIATELY,Outlier with poor performance - stop spending,1,True,True,202.99999999999997
25-07-2025 - DE - Barilla - Creative 2,MV25-64 - Adset 4,120230191644760235,120230191643550235,2025-07-28,18,11,61.11,11.11,11.01,15,2,-18.26,9.0,-2.01,0.8174386178529867,0.11111110493827195,-0.18256129132050034,-1,PAUSE_IMMEDIATELY,Outlier with poor performance - stop spending,1,True,True,201.04260000000002
26-07-2025 - DE - Makita - Reviews - Creative 2,Adset #4,120227651241190519,120227651204390519,2025-07-28,4,1,25.0,0.0,1.98,3,0,-100.0,0.0,-1.98,0.0,0.0,-0.99999949494975,-1,PAUSE_IMMEDIATELY,Outlier with poor performance - stop spending,1,True,True,198.0
26-07-2025 - DE - Lenor - Review - Creative 5,Adset #3,120231894471030596,120231894120240596,2025-07-28,3,1,33.33,0.0,1.97,3,0,-100.0,0.0,-1.97,0.0,0.0,-0.9999994923860445,-1,PAUSE_IMMEDIATELY,Outlier with poor performance - stop spending,1,True,True,197.0
25-07-2025 - DE - Xiaomi - Man - Creative 3,MV25-64 - Adset 5,120232531603540679,120232531603680679,2025-07-28,10,8,80.0,0.0,1.96,8,0,-100.0,0.0,-1.96,0.0,0.0,-0.9999994897961787,-1,PAUSE_IMMEDIATELY,Outlier with poor performance - stop spending,1,True,True,196.0
26-07-2025 - DE - Xiaomi - Reviews - Creative 1,Adset #4,120232806087090679,120232805992200679,2025-07-28,6,2,33.33,0.0,1.89,4,0,-100.0,0.0,-1.89,0.0,0.0,-0.9999994708997509,-1,PAUSE_IMMEDIATELY,Outlier with poor performance - stop spending,1,True,True,189.0
26-07-2025 - DE - Makita - Reviews - Creative 5,Adset #1,120227651490870519,120227651490530519,2025-07-28,7,4,57.14,0.0,1.88,5,0,-100.0,0.0,-1.88,0.0,0.0,-0.9999994680853893,-1,PAUSE_IMMEDIATELY,Outlier with poor performance - stop spending,1,True,True,188.0
26-07-2025 - DE - Makita - Reviews - Creative 3,Adset #5,120227651364600519,120227651269240519,2025-07-28,1,1,100.0,0.0,1.86,1,0,-100.0,0.0,-1.86,0.0,0.0,-0.9999994623658804,-1,PAUSE_IMMEDIATELY,Outlier with poor performance - stop spending,1,True,True,186.0
26-07-2025 - DE - Lenor - Reviews 2 - Creative 4,Adset #4,120231900386510596,120231900346500596,2025-07-28,3,0,0.0,0.0,1.85,2,0,-100.0,0.0,-1.85,0.0,0.0,-0.9999994594597517,-1,PAUSE_IMMEDIATELY,Outlier with poor performance - stop spending,1,True,True,185.0
23-07-2025 - IT - Douglas - Woman - Creative 3,Adset #5,120230636314170628,120230636152280628,2025-07-28,48,33,68.75,4.17,5.84,45,2,-31.51,4.0,-1.84,0.6849313895665429,0.041666665798611134,-0.31506843920060973,-1,PAUSE_IMMEDIATELY,Outlier with poor performance - stop spending,1,True,True,184.0184
23-07-2025 - DE - Xiaomi - Creative 4,Adset #2,120229975205800210,120229975174200210,2025-07-28,5,1,20.0,0.0,1.76,3,0,-100.0,0.0,-1.76,0.0,0.0,-0.9999994318185047,-1,PAUSE_IMMEDIATELY,Outlier with poor performance - stop spending,1,True,True,176.0
26-07-2025 - DE - Xiaomi - Reviews - Creative 2,Adset #1,120232806210410679,120232806207870679,2025-07-28,10,8,80.0,10.0,6.04,10,1,-28.81,4.3,-1.74,0.7119204119337066,0.09999999000000101,-0.28807942250340685,-1,PAUSE_IMMEDIATELY,Outlier with poor performance - stop spending,1,True,True,174.01239999999999
04-07-2025 - SE - Marabou - UGC - Creative 1,Adset #5,120230366680140295,120230366614230295,2025-07-28,159,74,46.54,8.81,50.64,150,14,-3.24,49.0,-1.64,0.9676145148575334,0.08805031391163325,-0.032385465395231725,-1,PAUSE_IMMEDIATELY,Outlier with poor performance - stop spending,1,True,True,164.0736
25-07-2025 - DE - Barilla - Creative 3,MV25-64 - Adset 1,120230191644660235,120230191643530235,2025-07-28,15,10,66.67,13.33,10.58,15,2,-14.93,9.0,-1.58,0.8506615453060922,0.13333332444444504,-0.14933836017595842,-1,PAUSE_IMMEDIATELY,Outlier with poor performance - stop spending,1,True,True,157.9594
25-07-2025 - DE - Rituals - Creative 4,25-64 - Adset 3,120230831546400045,120230831546100045,2025-07-28,1,0,0.0,0.0,1.56,1,0,-100.0,0.0,-1.56,0.0,0.0,-0.99999935897477,-1,PAUSE_IMMEDIATELY,Outlier with poor performance - stop spending,1,True,True,156.0
26-07-2025 - DE - Lenor - Review - Creative 2,Adset #1,120231892945620596,120231892943090596,2025-07-28,4,2,50.0,0.0,1.53,4,0,-100.0,0.0,-1.53,0.0,0.0,-0.999999346405656,-1,PAUSE_IMMEDIATELY,Outlier with poor performance - stop spending,1,True,True,153.0
26-07-2025 - DE - Xiaomi - Reviews - Creative 4,Adset #1,120232806913480679,120232806911290679,2025-07-28,2,2,100.0,0.0,1.51,2,0,-100.0,0.0,-1.51,0.0,0.0,-0.999999337748783,-1,PAUSE_IMMEDIATELY,Outlier with poor performance - stop spending,1,True,True,151.0
26-07-2025 - DE - Lenor - Review - Creative 3,Adset #2,120231893212630596,120231893173470596,2025-07-28,1,1,100.0,0.0,1.5,1,0,-100.0,0.0,-1.5,0.0,0.0,-0.9999993333337779,-1,PAUSE_IMMEDIATELY,Outlier with poor performance - stop spending,1,True,True,150.0
26-07-2025 - DE - Lenor - Reviews 2 - Creative 2,Adset #1,120231899459850596,120231899452660596,2025-07-28,2,0,0.0,0.0,1.46,2,0,-100.0,0.0,-1.46,0.0,0.0,-0.9999993150689623,-1,PAUSE_IMMEDIATELY,Outlier with poor performance - stop spending,1,True,True,146.0
26-07-2025 - DE - Xiaomi - Reviews - Creative 5,Adset #1,120232807145270679,120232807143550679,2025-07-28,5,3,60.0,0.0,1.46,4,0,-100.0,0.0,-1.46,0.0,0.0,-0.9999993150689623,-1,PAUSE_IMMEDIATELY,Outlier with poor performance - stop spending,1,True,True,146.0
25-07-2025 - US - Aldi - Creative 1,MV25-64 - Adset 2,120229247246500075,120229247006550075,2025-07-28,13,7,53.85,0.0,1.44,10,0,-100.0,0.0,-1.44,0.0,0.0,-0.9999993055560379,-1,PAUSE_IMMEDIATELY,Outlier with poor performance - stop spending,1,True,True,144.0
26-07-2025 - DE - Lenor - Review - Creative 1,Adset #1,120231892781600596,120231892780860596,2025-07-28,2,0,0.0,0.0,1.37,2,0,-100.0,0.0,-1.37,0.0,0.0,-0.9999992700735255,-1,PAUSE_IMMEDIATELY,Outlier with poor performance - stop spending,1,True,True,137.0
23-07-2025 - DE - Makita - Man - Creative 3,Adset #2,120227403756860519,120227403731420519,2025-07-28,2,1,50.0,0.0,1.36,2,0,-100.0,0.0,-1.36,0.0,0.0,-0.9999992647064231,-1,PAUSE_IMMEDIATELY,Outlier with poor performance - stop spending,1,True,True,136.0
04-07-2025 - SE - Marabou - UGC - Creative 1,Adset #3,120230366639690295,120230366614230295,2025-07-28,22,7,31.82,9.09,8.33,22,2,-15.97,7.0,-1.33,0.8403360335731053,0.09090908677685969,-0.15966384637889,-1,PAUSE_IMMEDIATELY,Outlier with poor performance - stop spending,1,True,True,133.0301
23-07-2025 - UK - Lenor - Woman - Creative 2,Adset #1,120231939971840400,120231939970540400,2025-07-28,6,3,50.0,0.0,1.33,5,0,-100.0,0.0,-1.33,0.0,0.0,-0.9999992481208662,-1,PAUSE_IMMEDIATELY,Outlier with poor performance - stop spending,1,True,True,133.0
26-07-2025 - DE - Lenor - Reviews 2 - Creative 5,Adset #4,120231900492830596,120231900456710596,2025-07-28,2,0,0.0,0.0,1.31,2,0,-100.0,0.0,-1.31,0.0,0.0,-0.9999992366418041,-1,PAUSE_IMMEDIATELY,Outlier with poor performance - stop spending,1,True,True,131.0
23-07-2025 - DE - Rituals - Woman - Creative 1,Adset #5,120230627090980045,120230627012310045,2025-07-28,1,0,0.0,0.0,1.25,1,0,-100.0,0.0,-1.25,0.0,0.0,-0.99999920000064,-1,PAUSE_IMMEDIATELY,Outlier with poor performance - stop spending,1,True,True,125.0
26-07-2025 - DE - Makita - Reviews - Creative 3,Adset #2,120227651298790519,120227651269240519,2025-07-28,2,1,50.0,0.0,1.25,2,0,-100.0,0.0,-1.25,0.0,0.0,-0.99999920000064,-1,PAUSE_IMMEDIATELY,Outlier with poor performance - stop spending,1,True,True,125.0
25-07-2025 - DE - Barilla - Creative 3,MV25-64 - Adset 4,120230191644730235,120230191643530235,2025-07-28,6,3,50.0,0.0,1.23,6,0,-100.0,0.0,-1.23,0.0,0.0,-0.999999186992531,-1,PAUSE_IMMEDIATELY,Outlier with poor performance - stop spending,1,True,True,123.0
26-07-2025 - DE - Xiaomi - Reviews - Creative 1,Adset #5,120232806143680679,120232805992200679,2025-07-28,2,1,50.0,0.0,1.17,2,0,-100.0,0.0,-1.17,0.0,0.0,-0.9999991452998759,-1,PAUSE_IMMEDIATELY,Outlier with poor performance - stop spending,1,True,True,117.0
26-07-2025 - DE - Xiaomi - Reviews - Creative 4,Adset #5,120232807094080679,120232806911290679,2025-07-28,2,2,100.0,0.0,1.14,2,0,-100.0,0.0,-1.14,0.0,0.0,-0.9999991228077871,-1,PAUSE_IMMEDIATELY,Outlier with poor performance - stop spending,1,True,True,113.99999999999999
26-07-2025 - DE - Lenor - Review - Creative 5,Adset #5,120231894778920596,120231894120240596,2025-07-28,2,1,50.0,0.0,1.13,1,0,-100.0,0.0,-1.13,0.0,0.0,-0.999999115045031,-1,PAUSE_IMMEDIATELY,Outlier with poor performance - stop spending,1,True,True,112.99999999999999
25-07-2025 - DE - Barilla - Creative 1,MV25-64 - Adset 2,120230191601320235,120230190686660235,2025-07-28,11,4,36.36,18.18,10.11,11,2,-10.98,9.0,-1.11,0.8902076270813426,0.1818181652892577,-0.10979227400669893,-1,PAUSE_IMMEDIATELY,Outlier with poor performance - stop spending,1,True,True,111.0078
25-07-2025 - US - Aldi - Creative 2,MV25-64 - Adset 3,120229247264670075,120229247263580075,2025-07-28,4,2,50.0,0.0,1.09,4,0,-100.0,0.0,-1.09,0.0,0.0,-0.9999990825696491,-1,PAUSE_IMMEDIATELY,Outlier with poor performance - stop spending,1,True,True,109.00000000000001
26-07-2025 - DE - Lenor - Reviews 2 - Creative 1,Adset #2,120231898739500596,120231898512020596,2025-07-28,1,0,0.0,0.0,1.08,1,0,-100.0,0.0,-1.08,0.0,0.0,-0.9999990740749315,-1,PAUSE_IMMEDIATELY,Outlier with poor performance - stop spending,1,True,True,108.0
26-07-2025 - DE - Makita - Reviews - Creative 3,Adset #1,120227651270210519,120227651269240519,2025-07-28,20,9,45.0,5.0,5.37,16,1,-19.93,4.3,-1.07,0.8007447298426945,0.04999999750000012,-0.19925508393760075,-1,PAUSE_IMMEDIATELY,Outlier with poor performance - stop spending,1,True,True,107.0241
23-07-2025 - DE - Xiaomi - Creative 4,Adset #5,120229975477180210,120229975174200210,2025-07-28,28,19,67.86,3.57,5.35,22,1,-19.63,4.3,-1.05,0.8037381675255761,0.035714284438775556,-0.19626164555857095,-1,PAUSE_IMMEDIATELY,Outlier with poor performance - stop spending,1,True,True,105.02049999999998
25-07-2025 - DE - Barilla - Creative 5,MV25-64 - Adset 1,120230191643540235,120230191644290235,2025-07-28,3,1,33.33,0.0,0.94,3,0,-100.0,0.0,-0.94,0.0,0.0,-0.9999989361713445,-1,PAUSE_IMMEDIATELY,Outlier with poor performance - stop spending,1,True,True,94.0
23-07-2025 - DE - Rituals - Woman - Creative 2,Adset #3,120230627145790045,120230627105940045,2025-07-28,2,2,100.0,0.0,0.91,2,0,-100.0,0.0,-0.91,0.0,0.0,-0.9999989011001087,-1,PAUSE_IMMEDIATELY,Outlier with poor performance - stop spending,1,True,True,91.0
26-07-2025 - DE - Lenor - Review - Creative 1,Adset #4,120231892850460596,120231892780860596,2025-07-28,2,0,0.0,0.0,0.89,2,0,-100.0,0.0,-0.89,0.0,0.0,-0.9999988764057568,-1,PAUSE_IMMEDIATELY,Outlier with poor performance - stop spending,1,True,True,89.0
26-07-2025 - DE - Lenor - Review - Creative 3,Adset #3,120231893239730596,120231893173470596,2025-07-28,2,1,50.0,0.0,0.85,2,0,-100.0,0.0,-0.85,0.0,0.0,-0.9999988235307958,-1,PAUSE_IMMEDIATELY,Outlier with poor performance - stop spending,1,True,True,85.0
28-07-2025 - DE - Xiaomi - Reviews - Clicks - Creative 4,Adset 1,120232945266950679,120232945266860679,2025-07-28,7,1,14.29,0.0,0.83,5,0,-100.0,0.0,-0.83,0.0,0.0,-0.9999987951821745,-1,PAUSE_IMMEDIATELY,Outlier with poor performance - stop spending,1,True,True,83.0
25-07-2025 - DE - Xiaomi - Man - Creative 2,MV25-64 - Adset 5,120232531200610679,120232531200490679,2025-07-28,3,1,33.33,0.0,0.79,2,0,-100.0,0.0,-0.79,0.0,0.0,-0.9999987341788175,-1,PAUSE_IMMEDIATELY,Outlier with poor performance - stop spending,1,True,True,79.0
26-07-2025 - DE - Xiaomi - Reviews - Creative 3,Adset #1,120232806514880679,120232806512360679,2025-07-28,3,2,66.67,0.0,0.79,2,0,-100.0,0.0,-0.79,0.0,0.0,-0.9999987341788175,-1,PAUSE_IMMEDIATELY,Outlier with poor performance - stop spending,1,True,True,79.0
26-07-2025 - DE - Lenor - Review - Creative 4,Adset #3,120231893620460596,120231893397770596,2025-07-28,1,0,0.0,0.0,0.77,1,0,-100.0,0.0,-0.77,0.0,0.0,-0.9999987013003879,-1,PAUSE_IMMEDIATELY,Outlier with poor performance - stop spending,1,True,True,77.0
28-07-2025 - DE - Xiaomi - Reviews - Clicks - Creative 5,Adset 1,120232945266640679,120232945266870679,2025-07-28,5,3,60.0,0.0,0.75,4,0,-100.0,0.0,-0.75,0.0,0.0,-0.9999986666684444,-1,PAUSE_IMMEDIATELY,Outlier with poor performance - stop spending,1,True,True,75.0
25-07-2025 - DE - Xiaomi - Man - Creative 2,MV25-64 - Adset 4,120232531200580679,120232531200490679,2025-07-28,6,2,33.33,0.0,0.69,3,0,-100.0,0.0,-0.69,0.0,0.0,-0.999998550726738,-1,PAUSE_IMMEDIATELY,Outlier with poor performance - stop spending,1,True,True,69.0
28-07-2025 - DE - Xiaomi - Reviews - Clicks - Creative 3,Adset 1,120232945266750679,120232945266850679,2025-07-28,18,5,27.78,0.0,0.69,11,0,-100.0,0.0,-0.69,0.0,0.0,-0.999998550726738,-1,PAUSE_IMMEDIATELY,Outlier with poor performance - stop spending,1,True,True,69.0
26-07-2025 - DE - Lenor - Reviews 2 - Creative 5,Adset #3,120231900478280596,120231900456710596,2025-07-28,2,2,100.0,0.0,0.66,2,0,-100.0,0.0,-0.66,0.0,0.0,-0.9999984848507805,-1,PAUSE_IMMEDIATELY,Outlier with poor performance - stop spending,1,True,True,66.0
07-07-2025 - US - Aldi - Creative 2,Adset #5,120227960912670075,120227960801870075,2025-07-28,64,40,62.5,4.69,10.86,57,3,-6.02,10.21,-0.65,0.9401472430803646,0.04687499926757814,-0.059852664838612825,-1,PAUSE_IMMEDIATELY,Outlier with poor performance - stop spending,1,True,True,65.37719999999999
25-07-2025 - DE - Xiaomi - Man - Creative 1,MV25-64 - Adset 5,120232530632640679,120232529859980679,2025-07-28,1,1,100.0,0.0,0.59,1,0,-100.0,0.0,-0.59,0.0,0.0,-0.9999983050876184,-1,PAUSE_IMMEDIATELY,Outlier with poor performance - stop spending,1,True,True,59.0
28-07-2025 - DE - Xiaomi - Reviews - Clicks - Creative 1,Adset 1,120232944936880679,120232944936870679,2025-07-28,11,4,36.36,0.0,0.59,8,0,-100.0,0.0,-0.59,0.0,0.0,-0.9999983050876184,-1,PAUSE_IMMEDIATELY,Outlier with poor performance - stop spending,1,True,True,59.0
26-07-2025 - DE - Lenor - Reviews 2 - Creative 3,Adset #4,120231900190880596,120231899898560596,2025-07-28,2,1,50.0,0.0,0.58,1,0,-100.0,0.0,-0.58,0.0,0.0,-0.9999982758650415,-1,PAUSE_IMMEDIATELY,Outlier with poor performance - stop spending,1,True,True,57.99999999999999
26-07-2025 - DE - Xiaomi - Reviews - Creative 5,Adset #4,120232807283460679,120232807143550679,2025-07-28,3,2,66.67,0.0,0.57,3,0,-100.0,0.0,-0.57,0.0,0.0,-0.9999982456171129,-1,PAUSE_IMMEDIATELY,Outlier with poor performance - stop spending,1,True,True,56.99999999999999
26-07-2025 - DE - Lenor - Reviews 2 - Creative 3,Adset #2,120231900008970596,120231899898560596,2025-07-28,1,1,100.0,0.0,0.54,1,0,-100.0,0.0,-0.54,0.0,0.0,-0.9999981481515774,-1,PAUSE_IMMEDIATELY,Outlier with poor performance - stop spending,1,True,True,54.0
26-07-2025 - DE - Xiaomi - Reviews - Creative 2,Adset #2,120232806269720679,120232806207870679,2025-07-28,1,1,100.0,0.0,0.46,1,0,-100.0,0.0,-0.46,0.0,0.0,-0.9999978260916824,-1,PAUSE_IMMEDIATELY,Outlier with poor performance - stop spending,1,True,True,46.0
23-07-2025 - DE - Makita - Man - Creative 1,Adset #1,120227403362750519,120227403362470519,2025-07-28,4,1,25.0,0.0,0.42,2,0,-100.0,0.0,-0.42,0.0,0.0,-0.999997619053288,-1,PAUSE_IMMEDIATELY,Outlier with poor performance - stop spending,1,True,True,42.0
26-07-2025 - DE - Lenor - Reviews 2 - Creative 1,Adset #4,120231899098940596,120231898512020596,2025-07-28,2,2,100.0,0.0,0.42,2,0,-100.0,0.0,-0.42,0.0,0.0,-0.999997619053288,-1,PAUSE_IMMEDIATELY,Outlier with poor performance - stop spending,1,True,True,42.0
23-07-2025 - DE - Xiaomi - Creative 5,Adset #4,120229975648860210,120229975531080210,2025-07-28,1,1,100.0,0.0,0.39,1,0,-100.0,0.0,-0.39,0.0,0.0,-0.9999974359040106,-1,PAUSE_IMMEDIATELY,Outlier with poor performance - stop spending,1,True,True,39.0
26-07-2025 - DE - Xiaomi - Reviews - Creative 3,Adset #4,120232806697300679,120232806512360679,2025-07-28,2,2,100.0,0.0,0.27,2,0,-100.0,0.0,-0.27,0.0,0.0,-0.9999962963100137,-1,PAUSE_IMMEDIATELY,Outlier with poor performance - stop spending,1,True,True,27.0
23-07-2025 - UK - Lenor - Woman - Creative 2,Adset #2,120231940002470400,120231939970540400,2025-07-28,11,7,63.64,9.09,2.1,10,1,-10.9,1.87,-0.23,0.8904757664401112,0.09090908264462885,-0.10952375736963935,-1,PAUSE_IMMEDIATELY,Outlier with poor performance - stop spending,1,True,True,22.89
25-07-2025 - SE - Nike - Creative 4,MV25-64 - Adset 4,120230312105140234,120230312104740234,2025-07-28,1,0,0.0,0.0,0.18,1,0,-100.0,0.0,-0.18,0.0,0.0,-0.9999944444753085,-1,PAUSE_IMMEDIATELY,Outlier with poor performance - stop spending,1,True,True,18.0
26-07-2025 - DE - Makita - Reviews - Creative 3,Adset #3,120227651320130519,120227651269240519,2025-07-28,2,0,0.0,0.0,0.15,2,0,-100.0,0.0,-0.15,0.0,0.0,-0.9999933333777775,-1,PAUSE_IMMEDIATELY,Outlier with poor performance - stop spending,1,True,True,15.0
23-07-2025 - DE - Makita - Photo - Creative 3,Adset #2,120227446597880519,120227446586830519,2025-07-28,12,6,50.0,8.33,4.38,11,1,-1.83,4.3,-0.08,0.9817349356769552,0.08333332638888948,-0.01826483601259452,-1,PAUSE_IMMEDIATELY,Outlier with poor performance - stop spending,1,True,True,8.0154
23-07-2025 - DE - Xiaomi - Creative 1,Adset #5,120229974527910210,120229974433090210,2025-07-28,1,0,0.0,0.0,0.01,1,0,-100.0,0.0,-0.01,0.0,0.0,-0.9999000099990002,-1,PAUSE_IMMEDIATELY,Outlier with poor performance - stop spending,1,True,True,1.0
10-07-2025 - DE - Makita - Creative 2,Adset #4,120226717449140519,120226717318460519,2025-07-28,1,1,100.0,0.0,0.0,1,0,0.0,0.0,0.0,0.0,0.0,0.0,-1,PAUSE_IMMEDIATELY,Outlier with poor performance - stop spending,1,True,True,0.0
22-07-2025 - IT - Douglas - Woman - 55-64 - Creative 5,Adset #1,120230503436230628,120230503434980628,2025-07-28,3,1,33.33,0.0,0.0,2,0,0.0,0.0,0.0,0.0,0.0,0.0,-1,PAUSE_IMMEDIATELY,Outlier with poor performance - stop spending,1,True,True,0.0
23-07-2025 - DE - Rituals - Woman - Creative 2,Adset #4,120230627161770045,120230627105940045,2025-07-28,1,0,0.0,0.0,0.0,1,0,0.0,0.0,0.0,0.0,0.0,0.0,-1,PAUSE_IMMEDIATELY,Outlier with poor performance - stop spending,1,True,True,0.0
23-07-2025 - IT - Douglas - Woman - Creative 2,Adset #5,120230636111510628,120230635990900628,2025-07-28,1,0,0.0,0.0,0.0,1,0,0.0,0.0,0.0,0.0,0.0,0.0,-1,PAUSE_IMMEDIATELY,Outlier with poor performance - stop spending,1,True,True,0.0
25-07-2025 - DE - Gillette - Creative 1,MV25-64 - Adset 4,120228987067750368,120228985740590368,2025-07-28,2,0,0.0,0.0,0.0,1,0,0.0,0.0,0.0,0.0,0.0,0.0,-1,PAUSE_IMMEDIATELY,Outlier with poor performance - stop spending,1,True,True,0.0
25-07-2025 - SE - Nike - Creative 1,MV25-64 - Adset 1,120230311051570234,120230311051560234,2025-07-28,1,1,100.0,0.0,0.0,1,0,0.0,0.0,0.0,0.0,0.0,0.0,-1,PAUSE_IMMEDIATELY,Outlier with poor performance - stop spending,1,True,True,0.0
25-07-2025 - SE - Nike - Creative 4,MV25-64 - Adset 5,120230312105890234,120230312104740234,2025-07-28,2,2,100.0,0.0,0.0,1,0,0.0,0.0,0.0,0.0,0.0,0.0,-1,PAUSE_IMMEDIATELY,Outlier with poor performance - stop spending,1,True,True,0.0
28-07-2025 - DE - Rituals - Creative 1,25-64 - Adset 1,120231063610120045,120231063609690045,2025-07-28,1,1,100.0,0.0,0.0,1,0,0.0,0.0,0.0,0.0,0.0,0.0,-1,PAUSE_IMMEDIATELY,Outlier with poor performance - stop spending,1,True,True,0.0
28-07-2025 - DE - Rituals - Creative 2,25-64 - Adset 1,120231063610300045,120231063610390045,2025-07-28,1,1,100.0,0.0,0.0,1,0,0.0,0.0,0.0,0.0,0.0,0.0,-1,PAUSE_IMMEDIATELY,Outlier with poor performance - stop spending,1,True,True,0.0
26-06-2025 - DE - Action - Creative 1,Adset #1,120236134255240386,120236134254150386,2025-07-28,249,140,56.22,12.45,85.36,211,31,56.16,133.3,47.94,1.5616213500278664,0.12449799146787956,0.561621361742955,-1,INCRESE BUDGET,Outlier with high ROI - monitor for scaling,2,True,True,4793.817599999999
23-07-2025 - DE - Makita - Man - Creative 4,Adset #1,120227403912540519,120227403910460519,2025-07-28,27,15,55.56,18.52,6.39,24,5,236.46,21.5,15.11,3.364631711325241,0.18518517832647488,2.364631867819739,-1,INCRESE BUDGET,Outlier with high ROI - monitor for scaling,2,True,True,1510.9794
23-07-2025 - DE - Makita - Man - Creative 3,Adset #5,120227403860350519,120227403731420519,2025-07-28,25,17,68.0,20.0,8.19,22,5,162.52,21.5,13.31,2.6251523046212086,0.19999999200000032,1.6251524267213158,-1,INCRESE BUDGET,Outlier with high ROI - monitor for scaling,2,True,True,1331.0388
23-07-2025 - DE - Makita - Man - Creative 1,Adset #4,120227403451780519,120227403362470519,2025-07-28,38,26,68.42,15.79,12.91,34,6,99.85,25.8,12.89,1.9984506585243489,0.15789473268698073,0.9984507359836766,-1,INCRESE BUDGET,Outlier with high ROI - monitor for scaling,2,True,True,1289.0635
23-07-2025 - DE - Xiaomi - Creative 1,Adset #3,120229974485210210,120229974433090210,2025-07-28,37,28,75.68,13.51,11.41,36,5,88.43,21.5,10.09,1.8843118418657459,0.1351351314828343,0.884311929508157,-1,INCRESE BUDGET,Outlier with high ROI - monitor for scaling,2,True,True,1008.9863000000001
23-07-2025 - DE - Makita - Man - Creative 2,Adset #4,120227403688350519,120227403522120519,2025-07-28,31,15,48.39,12.9,10.35,26,4,66.18,17.2,6.85,1.6618355882284457,0.12903225390218534,0.6618356848467938,-1,INCRESE BUDGET,Outlier with high ROI - monitor for scaling,2,True,True,684.9630000000001
26-07-2025 - DE - Lenor - Reviews 2 - Creative 5,Adset #1,120231900457100596,120231900456710596,2025-07-28,3,2,66.67,66.67,2.89,3,2,204.5,8.8,5.91,3.0449816453350707,0.6666664444445185,2.044981991355712,-1,INCRESE BUDGET,Outlier with high ROI - monitor for scaling,2,True,True,591.005
25-07-2025 - US - Aldi - Creative 2,MV25-64 - Adset 5,120229247264600075,120229247263580075,2025-07-28,34,24,70.59,11.76,7.83,32,4,73.92,13.62,5.79,1.7394633793788785,0.11764705536332191,0.7394635070927832,-1,INCRESE BUDGET,Outlier with high ROI - monitor for scaling,2,True,True,578.7936
26-07-2025 - DE - Xiaomi - Reviews - Creative 4,Adset #2,120232806973390679,120232806911290679,2025-07-28,10,6,60.0,20.0,3.2,10,2,168.75,8.6,5.4,2.687499160156512,0.19999998000000202,1.6874994726564148,-1,INCRESE BUDGET,Outlier with high ROI - monitor for scaling,2,True,True,540.0
26-07-2025 - DE - Xiaomi - Reviews - Creative 5,Adset #2,120232807196770679,120232807143550679,2025-07-28,10,7,70.0,20.0,3.24,7,2,165.43,8.6,5.36,2.6543201684197006,0.19999998000000202,1.6543204770615811,-1,INCRESE BUDGET,Outlier with high ROI - monitor for scaling,2,True,True,535.9932
23-07-2025 - UK - Lenor - Woman - Creative 2,Adset #5,120231940067790400,120231939970540400,2025-07-28,24,19,79.17,25.0,6.06,23,6,85.26,11.23,5.17,1.8531350077334972,0.24999998958333375,0.8531351727499715,-1,INCRESE BUDGET,Outlier with high ROI - monitor for scaling,2,True,True,516.6756
26-07-2025 - DE - Makita - Reviews - Creative 3,Adset #4,120227651341240519,120227651269240519,2025-07-28,16,5,31.25,12.5,3.47,11,2,147.84,8.6,5.13,2.478385452914855,0.12499999218750048,1.4783857410992098,-1,INCRESE BUDGET,Outlier with high ROI - monitor for scaling,2,True,True,513.0048
23-07-2025 - DE - Xiaomi - Creative 4,Adset #1,120229975176080210,120229975174200210,2025-07-28,19,12,63.16,10.53,3.48,17,2,147.13,8.6,5.12,2.4712636576828566,0.10526315235457093,1.4712639450390963,-1,INCRESE BUDGET,Outlier with high ROI - monitor for scaling,2,True,True,512.0124
26-07-2025 - DE - Makita - Reviews - Creative 5,Adset #5,120227651585010519,120227651490530519,2025-07-28,14,10,71.43,14.29,3.52,11,2,144.32,8.6,5.08,2.4431811240962715,0.14285713265306196,1.4431814081871,-1,INCRESE BUDGET,Outlier with high ROI - monitor for scaling,2,True,True,508.0064
26-07-2025 - DE - Makita - Reviews - Creative 4,Adset #1,120227651388210519,120227651386510519,2025-07-28,11,5,45.45,18.18,3.63,9,2,136.91,8.6,4.97,2.3691453528525197,0.1818181652892577,1.3691456283345376,-1,INCRESE BUDGET,Outlier with high ROI - monitor for scaling,2,True,True,496.9833
26-07-2025 - DE - Lenor - Reviews 2 - Creative 5,Adset #2,120231900467260596,120231900456710596,2025-07-28,1,1,100.0,100.0,0.32,1,1,1306.25,4.5,4.18,14.06245605482483,0.9999990000010001,13.062459179815063,-1,INCRESE BUDGET,Outlier with high ROI - monitor for scaling,2,True,True,418.0
25-07-2025 - US - Aldi - Creative 1,MV25-64 - Adset 5,120229247246380075,120229247006550075,2025-07-28,12,8,66.67,16.67,3.1,11,2,119.59,6.81,3.71,2.1967734849117786,0.16666665277777895,1.19677380749232,-1,INCRESE BUDGET,Outlier with high ROI - monitor for scaling,2,True,True,370.72900000000004
25-07-2025 - DE - Barilla - Creative 5,MV25-64 - Adset 5,120230191644560235,120230191644290235,2025-07-28,2,2,100.0,50.0,1.69,2,1,166.27,4.5,2.81,2.662720317916972,0.499999750000125,1.662720909632598,-1,INCRESE BUDGET,Outlier with high ROI - monitor for scaling,2,True,True,280.9963
26-07-2025 - DE - Xiaomi - Reviews - Creative 2,Adset #4,120232806386740679,120232806207870679,2025-07-28,2,2,100.0,50.0,1.84,2,1,133.7,4.3,2.46,2.3369552516547545,0.499999750000125,1.33695579513272,-1,INCRESE BUDGET,Outlier with high ROI - monitor for scaling,2,True,True,246.00799999999998
26-07-2025 - DE - Makita - Reviews - Creative 4,Adset #5,120227651473720519,120227651386510519,2025-07-28,10,4,40.0,10.0,2.13,8,1,101.88,4.3,2.17,2.0187783949397207,0.09999999000000101,1.0187788644230682,-1,INCRESE BUDGET,Outlier with high ROI - monitor for scaling,2,True,True,217.00439999999998
25-07-2025 - DE - Xiaomi - Man - Creative 5,MV25-64 - Adset 5,120232532810450679,120232532810460679,2025-07-28,5,3,60.0,20.0,2.19,5,1,96.35,4.3,2.11,1.9634694230733227,0.199999960000008,0.9634698796941188,-1,INCRESE BUDGET,Outlier with high ROI - monitor for scaling,2,True,True,211.0065
26-07-2025 - DE - Xiaomi - Reviews - Creative 3,Adset #3,120232806568180679,120232806512360679,2025-07-28,6,4,66.67,16.67,2.42,5,1,77.69,4.3,1.88,1.7768587698930702,0.16666663888889352,0.77685918311604,-1,INCRESE BUDGET,Outlier with high ROI - monitor for scaling,2,True,True,188.00979999999998
30-06-2025 - DE - Action - Creative 3,Adset #1,120236333238630386,120236333234510386,2025-07-28,277,152,54.87,9.03,75.63,238,25,42.14,107.5,31.87,1.4213936080736005,0.09025270725540539,0.4213936212958665,-1,INCRESE BUDGET,Outlier with positive ROI - watch performance,6,False,False,3187.0481999999997
30-06-2025 - DE - Action - Creative 2,Adset #5,120236333193650386,120236333104640386,2025-07-28,242,140,57.85,10.74,80.05,210,26,39.66,111.8,31.75,1.3966270906105298,0.10743801608496688,0.39662710310272203,-1,INCRESE BUDGET,Outlier with positive ROI - watch performance,6,False,False,3174.7829999999994
28-04-2025 - SE - Malediven - TUI - Videos - Creative 1,Adset #5,120222339862650262,120222339834050262,2025-07-28,173,95,54.91,16.76,63.1386,160,29,24.01,78.3,15.16,1.2401288397251629,0.16763005683450835,0.24010668212303282,-1,INCRESE BUDGET,Outlier with positive ROI - watch performance,6,False,False,1515.957786
22-07-2025 - SE - Marabou - Woman - 35-45 - Creative 1,Adset #1,120231357227450295,120231357224920295,2025-07-28,181,76,41.99,9.94,50.53,173,18,24.68,63.0,12.47,1.2467840639860666,0.09944751326272092,0.2467840837762897,-1,INCRESE BUDGET,Outlier with positive ROI - watch performance,6,False,False,1247.0804
04-06-2025 - UK - Dove - Overlay - Creative 2,Adset #5,120228519116110400,120228518992860400,2025-07-28,144,91,63.19,10.42,21.06,114,15,33.28,28.07,7.01,1.3328584362365414,0.10416666594328704,0.33285848371992005,-1,INCRESE BUDGET,Outlier with positive ROI - watch performance,6,False,False,700.8768
26-07-2025 - DE - Xiaomi - Reviews - Creative 3,Adset #5,120232806846890679,120232806512360679,2025-07-28,14,8,57.14,14.29,6.12,13,2,40.52,8.6,2.48,1.40522852855743,0.14285713265306196,0.40522869195609607,-1,INCRESE BUDGET,Outlier with positive ROI - watch performance,6,False,False,247.9824
23-07-2025 - DE - Makita - Man - Creative 1,Adset #2,120227403387550519,120227403362470519,2025-07-28,85,40,47.06,5.88,19.36,69,5,11.05,21.5,2.14,1.1105371327201894,0.05882352871972319,0.11053718437307933,-1,INCRESE BUDGET,Outlier with positive ROI - watch performance,6,False,False,213.928
04-07-2025 - SE - Marabou - UGC - Creative 1,Adset #4,120230366654110295,120230366614230295,2025-07-28,102,50,49.02,7.84,26.5491,95,8,5.47,28.0,1.45,1.054649647082212,0.0784313717800846,0.05461578529532883,-1,INCRESE BUDGET,Outlier with positive ROI - watch performance,6,False,False,145.22357699999998
25-07-2025 - DE - Rituals - Creative 4,25-64 - Adset 1,120230831546230045,120230831546100045,2025-07-28,5,4,80.0,20.0,2.87,5,1,49.83,4.3,1.43,1.4982573176803768,0.199999960000008,0.49825766611231137,-1,INCRESE BUDGET,Outlier with positive ROI - watch performance,6,False,False,143.0121
25-07-2025 - DE - Barilla - Creative 5,MV25-64 - Adset 3,120230191644690235,120230191644290235,2025-07-28,9,6,66.67,22.22,7.64,9,2,17.8,9.0,1.36,1.1780103170143565,0.22222219753086697,0.17801044790439166,-1,INCRESE BUDGET,Outlier with positive ROI - watch performance,6,False,False,135.992
23-07-2025 - DE - Xiaomi - Creative 3,Adset #1,120229974925460210,120229974918480210,2025-07-28,33,19,57.58,9.09,11.57,30,3,11.5,12.9,1.33,1.1149523669012649,0.09090908815427007,0.11495245333168079,-1,INCRESE BUDGET,Outlier with positive ROI - watch performance,6,False,False,133.055
28-07-2025 - DE - Lenor - Reviews 2 - Creative 3,Adset #1,120232069203060596,120232069202580596,2025-07-28,7,6,85.71,14.29,3.28,6,1,37.2,4.5,1.22,1.3719508012345119,0.1428571224489825,0.3719511061124676,-1,INCRESE BUDGET,Outlier with positive ROI - watch performance,6,False,False,122.016
26-07-2025 - DE - Makita - Reviews - Creative 1,Adset #1,120227651108530519,120227651107880519,2025-07-28,15,7,46.67,6.67,3.42,11,1,25.73,4.3,0.88,1.2573095738860893,0.06666666222222252,0.2573098662836648,-1,INCRESE BUDGET,Outlier with positive ROI - watch performance,6,False,False,87.9966
26-07-2025 - DE - Makita - Reviews - Creative 2,Adset #5,120227651257570519,120227651204390519,2025-07-28,12,7,58.33,8.33,3.44,10,1,25.0,4.3,0.86,1.2499996366280126,0.08333332638888948,0.2499999273256025,-1,INCRESE BUDGET,Outlier with positive ROI - watch performance,6,False,False,86.0
26-07-2025 - DE - Lenor - Reviews 2 - Creative 2,Adset #3,120231899705380596,120231899452660596,2025-07-28,3,1,33.33,33.33,3.82,2,1,17.8,4.5,0.68,1.1780101628245647,0.33333322222225925,0.1780104246046009,-1,INCRESE BUDGET,Outlier with positive ROI - watch performance,6,False,False,67.996
25-07-2025 - US - Aldi - Creative 5,MV25-64 - Adset 5,120229247264680075,120229247264340075,2025-07-28,51,38,74.51,5.88,10.04,45,3,1.66,10.21,0.17,1.0169321696282703,0.05882352825836219,0.016932269229853667,-1,INCRESE BUDGET,Outlier with positive ROI - watch performance,6,False,False,16.6664
