sub_id_6,sub_id_5,sub_id_3,sub_id_2,campaign,campaign_id,datetime,cost,revenue,profit,clicks,campaign_unique_clicks,conversions,roi_confirmed,lp_clicks,cr,lp_ctr
28-04-2025 - SE - Malediven - TUI - Videos - Creative 1,Adset #5,120222339834050262,120222339862650262,Facebook.com - Sweeps - SOI - Malediven - SE - UA61 - BM1 - Acc 4,409,2025-07-26 11:21:47,0.0,0.0,0.0,1,1,0,0.0,0,0,0.0
18-07-2025 - DE - Xiaomi - Creative 6,Adset #1,120229697132640210,120229697133120210,Facebook.com - Sweeps - SOI - Xiaomi - DE - UA83 - BM1 - Acc 2,430,2025-07-26 11:21:44,0.0,0.0,0.0,1,1,0,0.0,0,0,0.0
23-07-2025 - DE - Lenor - Woman - Creative 3,Adset #3,120231582789310596,120231582817620596,Facebook.com - Sweeps - SOI - Lenor - DE - UA78 - BM1 - Acc 1,454,2025-07-26 11:21:35,0.0,0.0,0.0,1,1,0,0.0,0,0,0.0
10-07-2025 - DE - Makita - Creative 8,Adset #4,120226718784340519,120226718909030519,Facebook.com - Sweeps - SOI - Makita - DE - UA83 - BM1 - Acc 1,426,2025-07-26 11:21:11,0.0,0.0,0.0,1,1,0,0.0,0,0,0.0
26-06-2025 - DE - Action - Creative 1,Adset #1,120236134254150386,120236134255240386,Facebook.com - Sweeps - SOI - Action - DE - UA18 - BM1 - Acc 2,425,2025-07-26 11:21:08,0.0,0.0,0.0,1,1,0,0.0,0,0,0.0
23-07-2025 - DE - Xiaomi - Creative 1,Adset #4,120229974433090210,120229974499640210,Facebook.com - Sweeps - SOI - Xiaomi - DE - UA83 - BM1 - Acc 2,430,2025-07-26 11:20:47,0.0,0.0,0.0,1,1,0,0.0,0,0,0.0
04-07-2025 - SE - Marabou - UGC - Creative 1,Adset #5,120230366614230295,120230366680140295,Facebook.com - Sweeps - SOI - Marabou - SE - UA68 - BM1 - Acc 2,308,2025-07-26 11:20:33,0.0,0.0,0.0,1,1,0,0.0,1,0,100.0
04-07-2025 - SE - Marabou - UGC - Creative 1,Adset #4,120230366614230295,120230366654110295,Facebook.com - Sweeps - SOI - Marabou - SE - UA68 - BM1 - Acc 2,308,2025-07-26 11:20:32,0.0,0.0,0.0,1,1,0,0.0,0,0,0.0
23-07-2025 - UK - Lenor - Woman - Creative 5,Adset #3,120231940484510400,120231940516870400,Facebook.com - Sweeps - SOI - Lenor - UK - UA25 - BM1 - Acc 3,457,2025-07-26 11:20:24,0.0,0.0,0.0,1,1,0,0.0,0,0,0.0
23-07-2025 - DE - Makita - Man - Creative 3,Adset #3,120227403731420519,120227403775700519,Facebook.com - Sweeps - SOI - Makita - DE - UA83 - BM1 - Acc 1,426,2025-07-26 11:20:06,0.0,0.0,0.0,1,1,0,0.0,1,0,100.0
07-07-2025 - US - Aldi - Creative 10,Adset #3,120227961675480075,120227961727090075,Facebook.com - Sweeps - SOI - Aldi - Tester - US - UA64 - BM1 - Acc 3,391,2025-07-26 11:20:01,0.0,0.0,0.0,1,1,0,0.0,1,0,100.0
25-07-2025 - DE - Gillette - Creative 4,MV25-64 - Adset 5,120228987231050368,120228987231480368,Facebook.com - Sweeps - SOI - Gillette - DE - UA50 - BM2 - Acc 1,415,2025-07-26 11:19:35,0.0,0.0,0.0,1,0,0,0.0,0,0,0.0
25-07-2025 - DE - Gillette - Creative 3,MV25-64 - Adset 3,120228987231040368,120228987231450368,Facebook.com - Sweeps - SOI - Gillette - DE - UA50 - BM2 - Acc 1,415,2025-07-26 11:19:29,0.0,0.0,0.0,1,1,0,0.0,1,0,100.0
23-07-2025 - DE - Makita - Man - Creative 1,Adset #5,120227403362470519,120227403475770519,Facebook.com - Sweeps - SOI - Makita - DE - UA83 - BM1 - Acc 1,426,2025-07-26 11:19:27,0.0,0.0,0.0,1,1,0,0.0,1,0,100.0
18-07-2025 - DE - Xiaomi - Creative 10,Adset #1,120229697217890210,120229697218820210,Facebook.com - Sweeps - SOI - Xiaomi - DE - UA83 - BM1 - Acc 2,430,2025-07-26 11:19:10,0.0,0.0,0.0,1,1,0,0.0,0,0,0.0
22-07-2025 - SE - Marabou - Woman - 45-55 - Creative 5,Adset #1,120231357664690295,120231357665330295,Facebook.com - Sweeps - SOI - Marabou - SE - UA68 - BM1 - Acc 2,308,2025-07-26 11:19:03,0.0,0.0,0.0,1,0,0,0.0,0,0,0.0
22-07-2025 - SE - Marabou - Woman - 35-45 - Creative 1,Adset #1,120231357224920295,120231357227450295,Facebook.com - Sweeps - SOI - Marabou - SE - UA68 - BM1 - Acc 2,308,2025-07-26 11:18:56,0.0,0.0,0.0,1,1,0,0.0,0,0,0.0
23-07-2025 - IT - Douglas - Woman - Creative 2,Adset #2,120230635990900628,120230636018250628,Facebook.com - Sweeps - SOI - Douglas - IT - UA18 - BM1 - Acc 6,406,2025-07-26 11:18:42,0.0,0.0,0.0,1,1,0,0.0,1,0,100.0
30-06-2025 - DE - Action - Creative 2,Adset #5,120236333104640386,120236333193650386,Facebook.com - Sweeps - SOI - Action - DE - UA18 - BM1 - Acc 2,425,2025-07-26 11:18:36,0.0,0.0,0.0,1,1,0,0.0,0,0,0.0
23-07-2025 - DE - Xiaomi - Creative 4,Adset #2,120229975174200210,120229975205800210,Facebook.com - Sweeps - SOI - Xiaomi - DE - UA83 - BM1 - Acc 2,430,2025-07-26 11:18:35,0.0,0.0,0.0,1,1,0,0.0,1,0,100.0
23-07-2025 - DE - Makita - Man - Creative 1,Adset #2,120227403362470519,120227403387550519,Facebook.com - Sweeps - SOI - Makita - DE - UA83 - BM1 - Acc 1,426,2025-07-26 11:18:04,0.0,0.0,0.0,1,0,0,0.0,0,0,0.0
23-07-2025 - DE - Lenor - Woman - Creative 4,Adset #1,120231582859090596,120231582859810596,Facebook.com - Sweeps - SOI - Lenor - DE - UA78 - BM1 - Acc 1,454,2025-07-26 11:17:10,0.0,0.0,0.0,1,1,0,0.0,0,0,0.0
25-07-2025 - DE - Barilla - Creative 4,MV25-64 - Adset 4,120230191644300235,120230191644750235,Facebook.com - Sweeps - SOI - Barilla - DE - UA49 - BM1 - Acc 3,443,2025-07-26 11:16:51,0.0,0.0,0.0,1,1,0,0.0,0,0,0.0
23-07-2025 - DE - Xiaomi - Creative 5,Adset #3,120229975531080210,120229975613500210,Facebook.com - Sweeps - SOI - Xiaomi - DE - UA83 - BM1 - Acc 2,430,2025-07-26 11:15:40,0.0,0.0,0.0,1,1,0,0.0,0,0,0.0
23-07-2025 - DE - Xiaomi - Creative 3,Adset #3,120229974918480210,120229975053700210,Facebook.com - Sweeps - SOI - Xiaomi - DE - UA83 - BM1 - Acc 2,430,2025-07-26 11:15:38,0.0,0.0,0.0,1,1,0,0.0,1,0,100.0
25-07-2025 - DE - Barilla - Creative 4,MV25-64 - Adset 5,120230191644300235,120230191644740235,Facebook.com - Sweeps - SOI - Barilla - DE - UA49 - BM1 - Acc 3,443,2025-07-26 11:15:29,0.0,0.0,0.0,1,0,0,0.0,0,0,0.0
07-07-2025 - US - Aldi - Creative 2,Adset #5,120227960801870075,120227960912670075,Facebook.com - Sweeps - SOI - Aldi - Tester - US - UA64 - BM1 - Acc 3,391,2025-07-26 11:14:59,0.0,0.0,0.0,1,1,0,0.0,0,0,0.0
10-07-2025 - DE - Makita - Creative 3,Adset #5,120226717481020519,120226717692440519,Facebook.com - Sweeps - SOI - Makita - DE - UA83 - BM1 - Acc 1,426,2025-07-26 11:14:13,0.0,0.0,0.0,1,1,0,0.0,0,0,0.0
25-07-2025 - DE - Barilla - Creative 3,MV25-64 - Adset 2,120230191643530235,120230191644610235,Facebook.com - Sweeps - SOI - Barilla - DE - UA49 - BM1 - Acc 3,443,2025-07-26 11:14:07,0.0,0.0,0.0,1,0,0,0.0,0,0,0.0
23-07-2025 - DE - Makita - Photo - Creative 4,Adset #4,120227446635140519,120227446666270519,Facebook.com - Sweeps - SOI - Makita - DE - UA83 - BM1 - Acc 1,426,2025-07-26 11:13:54,0.0,0.0,0.0,1,1,0,0.0,1,0,100.0
30-06-2025 - DE - Action - Creative 3,Adset #1,120236333234510386,120236333238630386,Facebook.com - Sweeps - SOI - Action - DE - UA18 - BM1 - Acc 2,425,2025-07-26 11:13:39,0.0,0.0,0.0,1,1,0,0.0,1,0,100.0
23-07-2025 - UK - Lenor - Woman - Creative 1,Adset #5,120231939782770400,120231939953400400,Facebook.com - Sweeps - SOI - Lenor - UK - UA25 - BM1 - Acc 3,457,2025-07-26 11:13:29,0.0,0.0,0.0,1,1,0,0.0,0,0,0.0
23-07-2025 - DE - Xiaomi - Creative 2,Adset #1,120229974586200210,120229974588880210,Facebook.com - Sweeps - SOI - Xiaomi - DE - UA83 - BM1 - Acc 2,430,2025-07-26 11:13:15,0.0,0.0,0.0,1,1,0,0.0,1,0,100.0
25-07-2025 - DE - Xiaomi - Man - Creative 2,MV25-64 - Adset 2,120232531200490679,120232531200570679,Facebook.com - Sweeps - SOI - Xiaomi - DE - UA82 - BM1 - Acc 5,455,2025-07-26 11:13:12,0.0,0.0,0.0,1,1,0,0.0,1,0,100.0
23-07-2025 - DE - Makita - Man - Creative 4,Adset #1,120227403910460519,120227403912540519,Facebook.com - Sweeps - SOI - Makita - DE - UA83 - BM1 - Acc 1,426,2025-07-26 11:12:43,0.0,0.0,0.0,1,1,0,0.0,1,0,100.0
23-07-2025 - DE - Makita - Man - Creative 2,Adset #4,120227403522120519,120227403688350519,Facebook.com - Sweeps - SOI - Makita - DE - UA83 - BM1 - Acc 1,426,2025-07-26 11:12:17,0.0,0.0,0.0,1,1,0,0.0,1,0,100.0
25-07-2025 - DE - Xiaomi - Man - Creative 4,MV25-64 - Adset 2,120232532219850679,120232532220520679,Facebook.com - Sweeps - SOI - Xiaomi - DE - UA82 - BM1 - Acc 5,455,2025-07-26 11:12:09,0.0,0.0,0.0,1,1,0,0.0,1,0,100.0
23-07-2025 - DE - Xiaomi - Creative 4,Adset #1,120229975174200210,120229975176080210,Facebook.com - Sweeps - SOI - Xiaomi - DE - UA83 - BM1 - Acc 2,430,2025-07-26 11:12:03,0.0,0.0,0.0,1,0,0,0.0,0,0,0.0
23-07-2025 - DE - Xiaomi - Creative 5,Adset #2,120229975531080210,120229975582590210,Facebook.com - Sweeps - SOI - Xiaomi - DE - UA83 - BM1 - Acc 2,430,2025-07-26 11:12:00,0.0,0.0,0.0,1,1,0,0.0,1,0,100.0
22-07-2025 - SE - Marabou - Woman - 35-45 - Creative 5,Adset #1,120231357391420295,120231357394760295,Facebook.com - Sweeps - SOI - Marabou - SE - UA68 - BM1 - Acc 2,308,2025-07-26 11:11:43,0.0,0.0,0.0,1,1,0,0.0,1,0,100.0
22-07-2025 - IT - Douglas - Woman - 55-64 - Creative 5,Adset #1,120230503434980628,120230503436230628,Facebook.com - Sweeps - SOI - Douglas - IT - UA18 - BM1 - Acc 6,406,2025-07-26 11:11:24,0.0,0.0,0.0,1,1,0,0.0,1,0,100.0
23-07-2025 - DE - Lenor - Woman - Creative 4,Adset #4,120231582859090596,120231582905840596,Facebook.com - Sweeps - SOI - Lenor - DE - UA78 - BM1 - Acc 1,454,2025-07-26 11:09:57,0.0,0.0,0.0,1,0,0,0.0,0,0,0.0
10-07-2025 - DE - Makita - Creative 2,Adset #4,120226717318460519,120226717449140519,Facebook.com - Sweeps - SOI - Makita - DE - UA83 - BM1 - Acc 1,426,2025-07-26 11:09:38,0.0,0.0,0.0,1,1,0,0.0,1,0,100.0
23-07-2025 - UK - Lenor - Woman - Creative 3,Adset #2,120231940194440400,120231940241670400,Facebook.com - Sweeps - SOI - Lenor - UK - UA25 - BM1 - Acc 3,457,2025-07-26 11:09:25,0.0,0.0,0.0,1,1,0,0.0,0,0,0.0
23-07-2025 - IT - Douglas - Woman - Creative 2,Adset #5,120230635990900628,120230636111510628,Facebook.com - Sweeps - SOI - Douglas - IT - UA18 - BM1 - Acc 6,406,2025-07-26 11:08:59,0.0,0.0,0.0,1,1,0,0.0,1,0,100.0
18-07-2025 - DE - Xiaomi - Creative 8,Adset #1,120229697184490210,120229697186550210,Facebook.com - Sweeps - SOI - Xiaomi - DE - UA83 - BM1 - Acc 2,430,2025-07-26 11:08:54,0.0,0.0,0.0,1,1,0,0.0,0,0,0.0
24-07-2025 - DE - Gillette - Man - Creative 3,Adset #3,120228794387900368,120228794412840368,Facebook.com - Sweeps - SOI - Gillette - DE - UA50 - BM2 - Acc 1,415,2025-07-26 11:08:35,0.0,0.0,0.0,1,1,0,0.0,0,0,0.0
25-07-2025 - DE - Xiaomi - Man - Creative 4,MV25-64 - Adset 3,120232532219850679,120232532220680679,Facebook.com - Sweeps - SOI - Xiaomi - DE - UA82 - BM1 - Acc 5,455,2025-07-26 11:08:20,0.54,0.0,-0.54,1,1,0,-100.0,1,0,100.0
24-07-2025 - DE - Gillette - Man - Creative 4,Adset #3,120228794634080368,120228794832750368,Facebook.com - Sweeps - SOI - Gillette - DE - UA50 - BM2 - Acc 1,415,2025-07-26 11:07:34,0.536,0.0,-0.54,1,1,0,-100.0,0,0,0.0
25-07-2025 - DE - Gillette - Creative 4,MV25-64 - Adset 3,120228987231050368,120228987231440368,Facebook.com - Sweeps - SOI - Gillette - DE - UA50 - BM2 - Acc 1,415,2025-07-26 11:07:13,0.34,0.0,-0.34,1,1,0,-100.0,1,0,100.0
22-07-2025 - UK - Dove - Woman - 35-45 - Creative 3,Adset #1,120231856329280400,120231856329440400,Facebook.com - Sweeps - SOI - Dove - UK - UA25 - BM1 - Acc 3,210,2025-07-26 11:07:06,0.2425,0.0,-0.24,1,1,0,-100.0,1,0,100.0
25-07-2025 - DE - Gillette - Creative 5,MV25-64 - Adset 2,120228987231070368,120228987232220368,Facebook.com - Sweeps - SOI - Gillette - DE - UA50 - BM2 - Acc 1,415,2025-07-26 11:07:02,0.0,0.0,0.0,1,1,0,0.0,1,0,100.0
23-07-2025 - DE - Makita - Photo - Creative 3,Adset #2,120227446586830519,120227446597880519,Facebook.com - Sweeps - SOI - Makita - DE - UA83 - BM1 - Acc 1,426,2025-07-26 11:06:58,0.2875,0.0,-0.29,1,1,0,-100.0,0,0,0.0
04-06-2025 - UK - Dove - Overlay - Creative 2,Adset #5,120228518992860400,120228519116110400,Facebook.com - Sweeps - SOI - Dove - UK - UA25 - BM1 - Acc 3,210,2025-07-26 11:06:36,0.1911,0.0,-0.19,1,0,0,-100.0,1,0,100.0
23-07-2025 - DE - Makita - Photo - Creative 2,Adset #4,120227446543050519,120227446572630519,Facebook.com - Sweeps - SOI - Makita - DE - UA83 - BM1 - Acc 1,426,2025-07-26 11:06:32,0.3474,0.0,-0.35,1,1,0,-100.0,0,0,0.0
25-07-2025 - US - Aldi - Creative 2,MV25-64 - Adset 2,120229247263580075,120229247264750075,Facebook.com - Sweeps - SOI - Aldi - Tester - US - UA64 - BM1 - Acc 3,391,2025-07-26 11:05:50,0.1963,0.0,-0.2,1,1,0,-100.0,0,0,0.0
25-07-2025 - DE - Barilla - Creative 1,MV25-64 - Adset 5,120230190686660235,120230191601460235,Facebook.com - Sweeps - SOI - Barilla - DE - UA49 - BM1 - Acc 3,443,2025-07-26 11:04:54,0.1286,0.0,-0.13,1,1,0,-100.0,1,0,100.0
25-07-2025 - DE - Gillette - Creative 2,MV25-64 - Adset 1,120228987231030368,120228987232230368,Facebook.com - Sweeps - SOI - Gillette - DE - UA50 - BM2 - Acc 1,415,2025-07-26 11:04:35,0.276,4.5,4.22,1,1,1,1530.43,1,100,100.0
25-07-2025 - DE - Gillette - Creative 4,MV25-64 - Adset 1,120228987231050368,120228987232250368,Facebook.com - Sweeps - SOI - Gillette - DE - UA50 - BM2 - Acc 1,415,2025-07-26 11:04:24,0.2167,0.0,-0.22,1,1,0,-100.0,0,0,0.0
21-07-2025 - SE - Milwaukee - Man - 55-64 - Creative 1,Adset #1,120230253910630153,120230253912550153,Facebook.com - Sweeps - SOI - Milwaukee - SE - UA80 - BM1 - Acc 1,434,2025-07-26 11:04:07,0.2755,0.0,-0.28,1,1,0,-100.0,1,0,100.0
25-07-2025 - DE - Rituals - Creative 3,25-64 - Adset 3,120230831546050045,120230831546300045,Facebook.com - Sweeps - SOI - Rituals - DE - UA85 - BM1 - Acc 1,458,2025-07-26 11:03:09,0.776,0.0,-0.78,1,1,0,-100.0,0,0,0.0
22-07-2025 - SE - Marabou - Woman - 55-64 - Creative 1,Adset #1,120231357685360295,120231357686190295,Facebook.com - Sweeps - SOI - Marabou - SE - UA68 - BM1 - Acc 2,308,2025-07-26 11:01:21,0.2872,0.0,-0.29,1,1,0,-100.0,0,0,0.0
10-07-2025 - DE - Makita - Creative 2,Adset #5,120226717318460519,120226717469630519,Facebook.com - Sweeps - SOI - Makita - DE - UA83 - BM1 - Acc 1,426,2025-07-26 11:01:17,0.4733,0.0,-0.47,1,1,0,-100.0,1,0,100.0
23-07-2025 - DE - Xiaomi - Creative 3,Adset #2,120229974918480210,120229974966910210,Facebook.com - Sweeps - SOI - Xiaomi - DE - UA83 - BM1 - Acc 2,430,2025-07-26 11:00:25,0.5342,4.3,3.77,1,1,1,704.99,1,100,100.0
25-07-2025 - DE - Barilla - Creative 4,MV25-64 - Adset 2,120230191644300235,120230191644600235,Facebook.com - Sweeps - SOI - Barilla - DE - UA49 - BM1 - Acc 3,443,2025-07-26 10:59:58,0.272,0.0,-0.27,1,1,0,-100.0,0,0,0.0
23-07-2025 - DE - Makita - Man - Creative 1,Adset #4,120227403362470519,120227403451780519,Facebook.com - Sweeps - SOI - Makita - DE - UA83 - BM1 - Acc 1,426,2025-07-26 10:59:31,0.0,4.3,4.3,1,1,1,0.0,1,100,100.0
25-07-2025 - DE - Xiaomi - Man - Creative 5,MV25-64 - Adset 4,120232532810460679,120232532810630679,Facebook.com - Sweeps - SOI - Xiaomi - DE - UA82 - BM1 - Acc 5,455,2025-07-26 10:59:18,0.48,0.0,-0.48,1,1,0,-100.0,1,0,100.0
23-07-2025 - DE - Makita - Man - Creative 1,Adset #1,120227403362470519,120227403362750519,Facebook.com - Sweeps - SOI - Makita - DE - UA83 - BM1 - Acc 1,426,2025-07-26 10:59:11,0.185,0.0,-0.19,1,1,0,-100.0,1,0,100.0
23-07-2025 - UK - Lenor - Woman - Creative 3,Adset #3,120231940194440400,120231940258310400,Facebook.com - Sweeps - SOI - Lenor - UK - UA25 - BM1 - Acc 3,457,2025-07-26 10:57:49,0.45,1.87,1.42,1,1,1,316.19,1,100,100.0
25-07-2025 - DE - Xiaomi - Man - Creative 4,MV25-64 - Adset 5,120232532219850679,120232532220550679,Facebook.com - Sweeps - SOI - Xiaomi - DE - UA82 - BM1 - Acc 5,455,2025-07-26 10:57:48,1.07,0.0,-1.07,1,1,0,-100.0,1,0,100.0
28-04-2025 - SE - Malediven - TUI - Videos - Creative 1,Adset #3,120222339834050262,120222339848160262,Facebook.com - Sweeps - SOI - Malediven - SE - UA61 - BM1 - Acc 4,409,2025-07-26 10:57:39,0.2645,0.0,-0.26,1,1,0,-100.0,1,0,100.0
24-07-2025 - DE - Gillette - Man - Creative 1,Adset #5,120228794082060368,120228794152630368,Facebook.com - Sweeps - SOI - Gillette - DE - UA50 - BM2 - Acc 1,415,2025-07-26 10:57:24,1.15,4.3,3.15,1,0,1,273.91,1,100,100.0
25-07-2025 - DE - Barilla - Creative 5,MV25-64 - Adset 2,120230191644290235,120230191644590235,Facebook.com - Sweeps - SOI - Barilla - DE - UA49 - BM1 - Acc 3,443,2025-07-26 10:57:05,0.4075,0.0,-0.41,1,1,0,-100.0,1,0,100.0
23-07-2025 - IT - Douglas - Woman - Creative 2,Adset #1,120230635990900628,120230635993010628,Facebook.com - Sweeps - SOI - Douglas - IT - UA18 - BM1 - Acc 6,406,2025-07-26 10:56:36,0.2,0.0,-0.2,1,1,0,-100.0,1,0,100.0
21-06-2025 - IT.- Douglas - Creative 6,Adset #1,120230431327170628,120230431329150628,Facebook.com - Sweeps - SOI - Douglas - IT - UA18 - BM1 - Acc 6,406,2025-07-26 10:56:11,0.1744,0.0,-0.17,1,1,0,-100.0,0,0,0.0
25-07-2025 - DE - Xiaomi - Man - Creative 1,MV25-64 - Adset 2,120232529859980679,120232530632600679,Facebook.com - Sweeps - SOI - Xiaomi - DE - UA82 - BM1 - Acc 5,455,2025-07-26 10:55:56,0.14,0.0,-0.14,1,1,0,-100.0,1,0,100.0
22-07-2025 - UK - Lenor - Woman - 25-35 - Creative 3,Adset #1,120231859611000400,120231859611720400,Facebook.com - Sweeps - SOI - Lenor - UK - UA25 - BM1 - Acc 3,457,2025-07-26 10:54:02,0.3324,0.0,-0.33,1,1,0,-100.0,1,0,100.0
24-07-2025 - DE - Gillette - Man - Creative 5,Adset #4,120228794886340368,120228795085410368,Facebook.com - Sweeps - SOI - Gillette - DE - UA50 - BM2 - Acc 1,415,2025-07-26 10:53:34,0.4717,0.0,-0.47,1,1,0,-100.0,1,0,100.0
25-07-2025 - US - Aldi - Creative 5,MV25-64 - Adset 3,120229247264340075,120229247264650075,Facebook.com - Sweeps - SOI - Aldi - Tester - US - UA64 - BM1 - Acc 3,391,2025-07-26 10:52:20,0.1515,0.0,-0.15,1,1,0,-100.0,1,0,100.0
25-07-2025 - DE - Barilla - Creative 1,MV25-64 - Adset 4,120230190686660235,120230191601350235,Facebook.com - Sweeps - SOI - Barilla - DE - UA49 - BM1 - Acc 3,443,2025-07-26 10:52:10,0.32,0.0,-0.32,1,1,0,-100.0,1,0,100.0
25-07-2025 - DE - Barilla - Creative 2,MV25-64 - Adset 1,120230191643550235,120230191644650235,Facebook.com - Sweeps - SOI - Barilla - DE - UA49 - BM1 - Acc 3,443,2025-07-26 10:50:52,0.775,0.0,-0.78,1,1,0,-100.0,1,0,100.0
25-07-2025 - DE - Gillette - Creative 5,MV25-64 - Adset 3,120228987231070368,120228987231430368,Facebook.com - Sweeps - SOI - Gillette - DE - UA50 - BM2 - Acc 1,415,2025-07-26 10:50:29,0.26,0.0,-0.26,1,1,0,-100.0,0,0,0.0
23-07-2025 - DE - Xiaomi - Creative 2,Adset #5,120229974586200210,120229974881440210,Facebook.com - Sweeps - SOI - Xiaomi - DE - UA83 - BM1 - Acc 2,430,2025-07-26 10:50:24,0.437,0.0,-0.44,1,1,0,-100.0,1,0,100.0
25-07-2025 - DE - Barilla - Creative 1,MV25-64 - Adset 3,120230190686660235,120230191601340235,Facebook.com - Sweeps - SOI - Barilla - DE - UA49 - BM1 - Acc 3,443,2025-07-26 10:50:14,0.35,0.0,-0.35,1,0,0,-100.0,1,0,100.0
23-07-2025 - DE - Makita - Photo - Creative 5,Adset #4,120227446682300519,120227446708810519,Facebook.com - Sweeps - SOI - Makita - DE - UA83 - BM1 - Acc 1,426,2025-07-26 10:49:07,0.945,0.0,-0.95,1,1,0,-100.0,1,0,100.0
25-07-2025 - US - Aldi - Creative 1,MV25-64 - Adset 4,120229247006550075,120229247246590075,Facebook.com - Sweeps - SOI - Aldi - Tester - US - UA64 - BM1 - Acc 3,391,2025-07-26 10:47:50,0.2157,0.0,-0.22,1,1,0,-100.0,1,0,100.0
25-07-2025 - DE - Xiaomi - Man - Creative 1,MV25-64 - Adset 5,120232529859980679,120232530632640679,Facebook.com - Sweeps - SOI - Xiaomi - DE - UA82 - BM1 - Acc 5,455,2025-07-26 10:45:44,0.1908,0.0,-0.19,1,1,0,-100.0,1,0,100.0
24-07-2025 - DE - Gillette - Man - Creative 3,Adset #4,120228794387900368,120228794556640368,Facebook.com - Sweeps - SOI - Gillette - DE - UA50 - BM2 - Acc 1,415,2025-07-26 10:45:26,0.4533,0.0,-0.45,1,1,0,-100.0,0,0,0.0
23-07-2025 - IT - Douglas - Woman - Creative 3,Adset #3,120230636152280628,120230636211120628,Facebook.com - Sweeps - SOI - Douglas - IT - UA18 - BM1 - Acc 6,406,2025-07-26 10:40:58,0.1358,0.0,-0.14,1,1,0,-100.0,0,0,0.0
25-07-2025 - DE - Barilla - Creative 5,MV25-64 - Adset 3,120230191644290235,120230191644690235,Facebook.com - Sweeps - SOI - Barilla - DE - UA49 - BM1 - Acc 3,443,2025-07-26 10:40:19,0.505,0.0,-0.51,1,1,0,-100.0,1,0,100.0
25-07-2025 - US - Aldi - Creative 4,MV25-64 - Adset 5,120229247264480075,120229247264690075,Facebook.com - Sweeps - SOI - Aldi - Tester - US - UA64 - BM1 - Acc 3,391,2025-07-26 10:40:16,0.13,0.0,-0.13,1,1,0,-100.0,1,0,100.0
23-07-2025 - UK - Lenor - Woman - Creative 3,Adset #5,120231940194440400,120231940293000400,Facebook.com - Sweeps - SOI - Lenor - UK - UA25 - BM1 - Acc 3,457,2025-07-26 10:39:43,0.2638,1.87,1.61,1,1,1,610.01,1,100,100.0
24-07-2025 - DE - Gillette - Man - Creative 2,Adset #2,120228794210580368,120228794260370368,Facebook.com - Sweeps - SOI - Gillette - DE - UA50 - BM2 - Acc 1,415,2025-07-26 10:39:13,0.3525,0.0,-0.35,1,1,0,-100.0,1,0,100.0
04-07-2025 - SE - Marabou - UGC - Creative 1,Adset #3,120230366614230295,120230366639690295,Facebook.com - Sweeps - SOI - Marabou - SE - UA68 - BM1 - Acc 2,308,2025-07-26 10:39:09,0.2564,0.0,-0.26,1,1,0,-100.0,0,0,0.0
23-07-2025 - UK - Lenor - Woman - Creative 2,Adset #5,120231939970540400,120231940067790400,Facebook.com - Sweeps - SOI - Lenor - UK - UA25 - BM1 - Acc 3,457,2025-07-26 10:38:02,0.1867,0.0,-0.19,1,1,0,-100.0,1,0,100.0
25-07-2025 - DE - Rituals - Creative 5,25-64 - Adset 5,120230831545890045,120230831545960045,Facebook.com - Sweeps - SOI - Rituals - DE - UA85 - BM1 - Acc 1,458,2025-07-26 10:37:46,0.0933,0.0,-0.09,1,1,0,-100.0,0,0,0.0
23-07-2025 - IT - Douglas - Woman - Creative 3,Adset #5,120230636152280628,120230636314170628,Facebook.com - Sweeps - SOI - Douglas - IT - UA18 - BM1 - Acc 6,406,2025-07-26 10:36:22,0.18,0.0,-0.18,1,1,0,-100.0,1,0,100.0
23-07-2025 - DE - Rituals - Woman - Creative 5,Adset #1,120230627430160045,120230627430820045,Facebook.com - Sweeps - SOI - Rituals - DE - UA85 - BM1 - Acc 1,458,2025-07-26 10:35:23,0.3994,0.0,-0.4,1,1,0,-100.0,0,0,0.0
25-07-2025 - DE - Xiaomi - Man - Creative 1,MV25-64 - Adset 3,120232529859980679,120232530632610679,Facebook.com - Sweeps - SOI - Xiaomi - DE - UA82 - BM1 - Acc 5,455,2025-07-26 10:32:26,0.53,0.0,-0.53,1,1,0,-100.0,1,0,100.0
25-07-2025 - US - Aldi - Creative 2,MV25-64 - Adset 4,120229247263580075,120229247264790075,Facebook.com - Sweeps - SOI - Aldi - Tester - US - UA64 - BM1 - Acc 3,391,2025-07-26 10:32:13,0.285,0.0,-0.29,1,0,0,-100.0,0,0,0.0
25-07-2025 - US - Aldi - Creative 1,MV25-64 - Adset 1,120229247006550075,120229247006710075,Facebook.com - Sweeps - SOI - Aldi - Tester - US - UA64 - BM1 - Acc 3,391,2025-07-26 10:31:56,0.2644,0.0,-0.26,1,1,0,-100.0,1,0,100.0
23-07-2025 - DE - Lenor - Woman - Creative 4,Adset #2,120231582859090596,120231582875630596,Facebook.com - Sweeps - SOI - Lenor - DE - UA78 - BM1 - Acc 1,454,2025-07-26 10:31:54,0.3129,0.0,-0.31,1,1,0,-100.0,0,0,0.0
23-07-2025 - DE - Makita - Photo - Creative 3,Adset #3,120227446586830519,120227446608970519,Facebook.com - Sweeps - SOI - Makita - DE - UA83 - BM1 - Acc 1,426,2025-07-26 10:30:24,0.364,0.0,-0.36,1,1,0,-100.0,1,0,100.0
23-07-2025 - DE - Xiaomi - Creative 2,Adset #4,120229974586200210,120229974813410210,Facebook.com - Sweeps - SOI - Xiaomi - DE - UA83 - BM1 - Acc 2,430,2025-07-26 10:30:17,0.3933,0.0,-0.39,1,1,0,-100.0,0,0,0.0
25-07-2025 - DE - Xiaomi - Man - Creative 2,MV25-64 - Adset 4,120232531200490679,120232531200580679,Facebook.com - Sweeps - SOI - Xiaomi - DE - UA82 - BM1 - Acc 5,455,2025-07-26 10:30:14,0.3425,0.0,-0.34,1,1,0,-100.0,1,0,100.0
25-07-2025 - US - Aldi - Creative 2,MV25-64 - Adset 3,120229247263580075,120229247264670075,Facebook.com - Sweeps - SOI - Aldi - Tester - US - UA64 - BM1 - Acc 3,391,2025-07-26 10:27:30,0.1917,0.0,-0.19,1,1,0,-100.0,1,0,100.0
23-07-2025 - IT - Douglas - Woman - Creative 3,Adset #1,120230636152280628,120230636157520628,Facebook.com - Sweeps - SOI - Douglas - IT - UA18 - BM1 - Acc 6,406,2025-07-26 10:26:36,0.2422,0.0,-0.24,1,1,0,-100.0,1,0,100.0
25-07-2025 - DE - Barilla - Creative 1,MV25-64 - Adset 1,120230190686660235,120230190686700235,Facebook.com - Sweeps - SOI - Barilla - DE - UA49 - BM1 - Acc 3,443,2025-07-26 10:25:37,1.005,0.0,-1.01,1,1,0,-100.0,1,0,100.0
25-07-2025 - DE - Barilla - Creative 3,MV25-64 - Adset 1,120230191643530235,120230191644660235,Facebook.com - Sweeps - SOI - Barilla - DE - UA49 - BM1 - Acc 3,443,2025-07-26 10:24:04,0.3783,0.0,-0.38,1,1,0,-100.0,1,0,100.0
04-06-2025 - UK - Dove - Overlay - Creative 2,Adset #2,120228518992860400,120228519073840400,Facebook.com - Sweeps - SOI - Dove - UK - UA25 - BM1 - Acc 3,210,2025-07-26 10:23:10,0.0,0.0,0.0,1,1,0,0.0,1,0,100.0
23-07-2025 - DE - Xiaomi - Creative 5,Adset #1,120229975531080210,120229975537380210,Facebook.com - Sweeps - SOI - Xiaomi - DE - UA83 - BM1 - Acc 2,430,2025-07-26 10:22:40,0.562,0.0,-0.56,1,1,0,-100.0,0,0,0.0
23-07-2025 - DE - Xiaomi - Creative 4,Adset #5,120229975174200210,120229975477180210,Facebook.com - Sweeps - SOI - Xiaomi - DE - UA83 - BM1 - Acc 2,430,2025-07-26 10:18:12,0.7567,0.0,-0.76,1,1,0,-100.0,1,0,100.0
23-07-2025 - DE - Makita - Photo - Creative 1,Adset #3,120227446506250519,120227446525690519,Facebook.com - Sweeps - SOI - Makita - DE - UA83 - BM1 - Acc 1,426,2025-07-26 10:17:21,0.0,0.0,0.0,1,1,0,0.0,0,0,0.0
23-07-2025 - DE - Makita - Man - Creative 1,Adset #3,120227403362470519,120227403416390519,Facebook.com - Sweeps - SOI - Makita - DE - UA83 - BM1 - Acc 1,426,2025-07-26 10:15:40,0.15,4.3,4.15,1,1,1,2766.67,1,100,100.0
23-07-2025 - DE - Rituals - Woman - Creative 4,Adset #1,120230627283350045,120230627284340045,Facebook.com - Sweeps - SOI - Rituals - DE - UA85 - BM1 - Acc 1,458,2025-07-26 10:15:26,0.7825,0.0,-0.78,1,1,0,-100.0,1,0,100.0
25-07-2025 - US - Aldi - Creative 3,MV25-64 - Adset 3,120229247263590075,120229247264640075,Facebook.com - Sweeps - SOI - Aldi - Tester - US - UA64 - BM1 - Acc 3,391,2025-07-26 10:15:07,0.2667,0.0,-0.27,1,1,0,-100.0,1,0,100.0
23-07-2025 - UK - Lenor - Woman - Creative 2,Adset #3,120231939970540400,120231940020470400,Facebook.com - Sweeps - SOI - Lenor - UK - UA25 - BM1 - Acc 3,457,2025-07-26 10:12:59,0.355,1.87,1.52,1,1,1,427.57,1,100,100.0
25-07-2025 - DE - Barilla - Creative 3,MV25-64 - Adset 4,120230191643530235,120230191644730235,Facebook.com - Sweeps - SOI - Barilla - DE - UA49 - BM1 - Acc 3,443,2025-07-26 10:11:38,0.3438,0.0,-0.34,1,1,0,-100.0,1,0,100.0
23-07-2025 - DE - Rituals - Woman - Creative 1,Adset #5,120230627012310045,120230627090980045,Facebook.com - Sweeps - SOI - Rituals - DE - UA85 - BM1 - Acc 1,458,2025-07-26 10:04:20,0.3313,4.3,3.97,1,1,1,1198.11,1,100,100.0
23-07-2025 - DE - Rituals - Woman - Creative 1,Adset #4,120230627012310045,120230627077710045,Facebook.com - Sweeps - SOI - Rituals - DE - UA85 - BM1 - Acc 1,458,2025-07-26 10:03:07,1.0133,0.0,-1.01,1,1,0,-100.0,1,0,100.0
23-07-2025 - DE - Makita - Photo - Creative 3,Adset #5,120227446586830519,120227446625420519,Facebook.com - Sweeps - SOI - Makita - DE - UA83 - BM1 - Acc 1,426,2025-07-26 10:01:10,0.78,0.0,-0.78,1,0,0,-100.0,0,0,0.0
25-07-2025 - DE - Lenor - Woman - Images - Creative 3,MV25-64 - Adset 3,120231726914000596,120231726914110596,Facebook.com - Sweeps - SOI - Lenor - DE - UA78 - BM1 - Acc 1,454,2025-07-26 09:59:53,0.565,0.0,-0.57,1,1,0,-100.0,1,0,100.0
25-07-2025 - DE - Rituals - Creative 4,25-64 - Adset 1,120230831546100045,120230831546230045,Facebook.com - Sweeps - SOI - Rituals - DE - UA85 - BM1 - Acc 1,458,2025-07-26 09:59:23,0.79,0.0,-0.79,1,1,0,-100.0,0,0,0.0
23-07-2025 - DE - Makita - Photo - Creative 5,Adset #5,120227446682300519,120227446712930519,Facebook.com - Sweeps - SOI - Makita - DE - UA83 - BM1 - Acc 1,426,2025-07-26 09:57:56,0.36,0.0,-0.36,1,1,0,-100.0,0,0,0.0
25-07-2025 - DE - Barilla - Creative 5,MV25-64 - Adset 5,120230191644290235,120230191644560235,Facebook.com - Sweeps - SOI - Barilla - DE - UA49 - BM1 - Acc 3,443,2025-07-26 09:55:47,0.3767,4.5,4.12,1,1,1,1094.69,1,100,100.0
25-07-2025 - DE - Xiaomi - Man - Creative 3,MV25-64 - Adset 1,120232531603680679,120232531603560679,Facebook.com - Sweeps - SOI - Xiaomi - DE - UA82 - BM1 - Acc 5,455,2025-07-26 09:49:16,0.504,0.0,-0.5,1,1,0,-100.0,0,0,0.0
23-07-2025 - DE - Rituals - Woman - Creative 3,Adset #4,120230627196100045,120230627248460045,Facebook.com - Sweeps - SOI - Rituals - DE - UA85 - BM1 - Acc 1,458,2025-07-26 09:47:13,0.7733,0.0,-0.77,1,0,0,-100.0,0,0,0.0
25-07-2025 - DE - Xiaomi - Man - Creative 5,MV25-64 - Adset 3,120232532810460679,120232532810540679,Facebook.com - Sweeps - SOI - Xiaomi - DE - UA82 - BM1 - Acc 5,455,2025-07-26 09:46:33,0.4475,0.0,-0.45,1,1,0,-100.0,0,0,0.0
24-07-2025 - DE - Gillette - Man - Creative 5,Adset #3,120228794886340368,120228795034410368,Facebook.com - Sweeps - SOI - Gillette - DE - UA50 - BM2 - Acc 1,415,2025-07-26 09:43:15,0.205,0.0,-0.21,1,1,0,-100.0,1,0,100.0
25-07-2025 - DE - Barilla - Creative 2,MV25-64 - Adset 3,120230191643550235,120230191644720235,Facebook.com - Sweeps - SOI - Barilla - DE - UA49 - BM1 - Acc 3,443,2025-07-26 09:42:23,1.26,0.0,-1.26,1,1,0,-100.0,1,0,100.0
25-07-2025 - DE - Gillette - Creative 5,MV25-64 - Adset 5,120228987231070368,120228987231470368,Facebook.com - Sweeps - SOI - Gillette - DE - UA50 - BM2 - Acc 1,415,2025-07-26 09:42:05,0.3875,0.0,-0.39,1,1,0,-100.0,0,0,0.0
25-07-2025 - DE - Gillette - Creative 1,MV25-64 - Adset 3,120228985740590368,120228987067960368,Facebook.com - Sweeps - SOI - Gillette - DE - UA50 - BM2 - Acc 1,415,2025-07-26 09:41:26,1.455,0.0,-1.46,1,1,0,-100.0,1,0,100.0
25-07-2025 - DE - Gillette - Creative 2,MV25-64 - Adset 2,120228987231030368,120228987232190368,Facebook.com - Sweeps - SOI - Gillette - DE - UA50 - BM2 - Acc 1,415,2025-07-26 09:41:06,0.415,0.0,-0.42,1,1,0,-100.0,0,0,0.0
23-07-2025 - DE - Makita - Photo - Creative 5,Adset #1,120227446682300519,120227446683740519,Facebook.com - Sweeps - SOI - Makita - DE - UA83 - BM1 - Acc 1,426,2025-07-26 09:40:57,0.4817,0.0,-0.48,1,1,0,-100.0,1,0,100.0
25-07-2025 - DE - Xiaomi - Man - Creative 3,MV25-64 - Adset 5,120232531603680679,120232531603540679,Facebook.com - Sweeps - SOI - Xiaomi - DE - UA82 - BM1 - Acc 5,455,2025-07-26 09:38:16,0.2,0.0,-0.2,1,1,0,-100.0,0,0,0.0
25-07-2025 - DE - Barilla - Creative 2,MV25-64 - Adset 4,120230191643550235,120230191644760235,Facebook.com - Sweeps - SOI - Barilla - DE - UA49 - BM1 - Acc 3,443,2025-07-26 09:33:02,0.51,0.0,-0.51,1,1,0,-100.0,0,0,0.0
23-07-2025 - IT - Douglas - Woman - Creative 3,Adset #4,120230636152280628,120230636289640628,Facebook.com - Sweeps - SOI - Douglas - IT - UA18 - BM1 - Acc 6,406,2025-07-26 09:31:56,0.1733,0.0,-0.17,1,1,0,-100.0,1,0,100.0
25-07-2025 - DE - Barilla - Creative 4,MV25-64 - Adset 1,120230191644300235,120230191644620235,Facebook.com - Sweeps - SOI - Barilla - DE - UA49 - BM1 - Acc 3,443,2025-07-26 09:30:05,0.4683,0.0,-0.47,1,1,0,-100.0,1,0,100.0
25-07-2025 - DE - Gillette - Creative 2,MV25-64 - Adset 4,120228987231030368,120228987231420368,Facebook.com - Sweeps - SOI - Gillette - DE - UA50 - BM2 - Acc 1,415,2025-07-26 09:22:29,0.6,0.0,-0.6,1,1,0,-100.0,1,0,100.0
23-07-2025 - DE - Makita - Man - Creative 3,Adset #5,120227403731420519,120227403860350519,Facebook.com - Sweeps - SOI - Makita - DE - UA83 - BM1 - Acc 1,426,2025-07-26 09:21:01,1.41,0.0,-1.41,1,1,0,-100.0,0,0,0.0
25-07-2025 - DE - Barilla - Creative 4,MV25-64 - Adset 3,120230191644300235,120230191644670235,Facebook.com - Sweeps - SOI - Barilla - DE - UA49 - BM1 - Acc 3,443,2025-07-26 09:19:53,0.225,0.0,-0.23,1,1,0,-100.0,1,0,100.0
25-07-2025 - DE - Gillette - Creative 2,MV25-64 - Adset 3,120228987231030368,120228987231460368,Facebook.com - Sweeps - SOI - Gillette - DE - UA50 - BM2 - Acc 1,415,2025-07-26 09:19:44,0.375,0.0,-0.38,1,1,0,-100.0,1,0,100.0
25-07-2025 - DE - Xiaomi - Man - Creative 3,MV25-64 - Adset 4,120232531603680679,120232531603630679,Facebook.com - Sweeps - SOI - Xiaomi - DE - UA82 - BM1 - Acc 5,455,2025-07-26 09:19:05,0.17,0.0,-0.17,1,1,0,-100.0,1,0,100.0
25-07-2025 - DE - Barilla - Creative 3,MV25-64 - Adset 3,120230191643530235,120230191644640235,Facebook.com - Sweeps - SOI - Barilla - DE - UA49 - BM1 - Acc 3,443,2025-07-26 09:18:40,0.494,0.0,-0.49,1,1,0,-100.0,0,0,0.0
25-07-2025 - DE - Gillette - Creative 2,MV25-64 - Adset 5,120228987231030368,120228987231510368,Facebook.com - Sweeps - SOI - Gillette - DE - UA50 - BM2 - Acc 1,415,2025-07-26 09:18:34,0.5633,0.0,-0.56,1,1,0,-100.0,1,0,100.0
23-07-2025 - DE - Xiaomi - Creative 2,Adset #2,120229974586200210,120229974707850210,Facebook.com - Sweeps - SOI - Xiaomi - DE - UA83 - BM1 - Acc 2,430,2025-07-26 09:13:57,0.9,0.0,-0.9,1,0,0,-100.0,0,0,0.0
25-07-2025 - DE - Gillette - Creative 3,MV25-64 - Adset 2,120228987231040368,120228987232200368,Facebook.com - Sweeps - SOI - Gillette - DE - UA50 - BM2 - Acc 1,415,2025-07-26 09:12:17,0.135,0.0,-0.14,1,1,0,-100.0,1,0,100.0
25-07-2025 - DE - Rituals - Creative 1,25-64 - Adset 2,120230831091010045,120230831537320045,Facebook.com - Sweeps - SOI - Rituals - DE - UA85 - BM1 - Acc 1,458,2025-07-26 09:11:56,1.118,0.0,-1.12,1,1,0,-100.0,1,0,100.0
22-07-2025 - UK - Lenor - Woman - 45-55 - Creative 2,Adset #1,120231859794640400,120231859795240400,Facebook.com - Sweeps - SOI - Lenor - UK - UA25 - BM1 - Acc 3,457,2025-07-26 09:05:50,0.2313,0.0,-0.23,1,1,0,-100.0,1,0,100.0
25-07-2025 - DE - Barilla - Creative 3,MV25-64 - Adset 5,120230191643530235,120230191644770235,Facebook.com - Sweeps - SOI - Barilla - DE - UA49 - BM1 - Acc 3,443,2025-07-26 09:05:35,0.898,0.0,-0.9,1,1,0,-100.0,0,0,0.0
25-07-2025 - DE - Rituals - Creative 2,25-64 - Adset 4,120230831546810045,120230831545980045,Facebook.com - Sweeps - SOI - Rituals - DE - UA85 - BM1 - Acc 1,458,2025-07-26 09:04:09,1.88,0.0,-1.88,1,1,0,-100.0,0,0,0.0
07-07-2025 - US - Aldi - Creative 10,Adset #2,120227961675480075,120227961698160075,Facebook.com - Sweeps - SOI - Aldi - Tester - US - UA64 - BM1 - Acc 3,391,2025-07-26 09:02:26,0.2391,0.0,-0.24,1,1,0,-100.0,1,0,100.0
23-07-2025 - DE - Lenor - Woman - Creative 5,Adset #2,120231582976540596,120231583111120596,Facebook.com - Sweeps - SOI - Lenor - DE - UA78 - BM1 - Acc 1,454,2025-07-26 09:02:21,0.4167,0.0,-0.42,1,1,0,-100.0,0,0,0.0
23-07-2025 - DE - Xiaomi - Creative 1,Adset #3,120229974433090210,120229974485210210,Facebook.com - Sweeps - SOI - Xiaomi - DE - UA83 - BM1 - Acc 2,430,2025-07-26 09:01:40,0.14,0.0,-0.14,1,1,0,-100.0,1,0,100.0
25-07-2025 - DE - Gillette - Creative 1,MV25-64 - Adset 2,120228985740590368,120228987067740368,Facebook.com - Sweeps - SOI - Gillette - DE - UA50 - BM2 - Acc 1,415,2025-07-26 08:59:48,1.895,0.0,-1.9,1,1,0,-100.0,1,0,100.0
25-07-2025 - DE - Rituals - Creative 2,25-64 - Adset 3,120230831546810045,120230831546980045,Facebook.com - Sweeps - SOI - Rituals - DE - UA85 - BM1 - Acc 1,458,2025-07-26 08:59:18,0.5,0.0,-0.5,1,1,0,-100.0,0,0,0.0
23-07-2025 - DE - Xiaomi - Creative 5,Adset #5,120229975531080210,120229975683760210,Facebook.com - Sweeps - SOI - Xiaomi - DE - UA83 - BM1 - Acc 2,430,2025-07-26 08:55:47,0.7275,0.0,-0.73,1,1,0,-100.0,1,0,100.0
23-07-2025 - DE - Makita - Photo - Creative 4,Adset #5,120227446635140519,120227446674910519,Facebook.com - Sweeps - SOI - Makita - DE - UA83 - BM1 - Acc 1,426,2025-07-26 08:54:17,1.84,0.0,-1.84,1,1,0,-100.0,1,0,100.0
23-07-2025 - DE - Xiaomi - Creative 4,Adset #3,120229975174200210,120229975257320210,Facebook.com - Sweeps - SOI - Xiaomi - DE - UA83 - BM1 - Acc 2,430,2025-07-26 08:51:18,1.02,0.0,-1.02,1,1,0,-100.0,0,0,0.0
25-07-2025 - DE - Xiaomi - Man - Creative 5,MV25-64 - Adset 1,120232532810460679,120232532810620679,Facebook.com - Sweeps - SOI - Xiaomi - DE - UA82 - BM1 - Acc 5,455,2025-07-26 08:47:20,0.3975,0.0,-0.4,1,1,0,-100.0,1,0,100.0
25-07-2025 - DE - Gillette - Creative 3,MV25-64 - Adset 4,120228987231040368,120228987232130368,Facebook.com - Sweeps - SOI - Gillette - DE - UA50 - BM2 - Acc 1,415,2025-07-26 08:41:59,0.28,0.0,-0.28,1,1,0,-100.0,0,0,0.0
23-07-2025 - DE - Xiaomi - Creative 1,Adset #2,120229974433090210,120229974458870210,Facebook.com - Sweeps - SOI - Xiaomi - DE - UA83 - BM1 - Acc 2,430,2025-07-26 08:41:18,0.4818,0.0,-0.48,1,1,0,-100.0,1,0,100.0
23-07-2025 - DE - Makita - Photo - Creative 1,Adset #5,120227446506250519,120227446537340519,Facebook.com - Sweeps - SOI - Makita - DE - UA83 - BM1 - Acc 1,426,2025-07-26 08:38:23,1.13,0.0,-1.13,1,1,0,-100.0,1,0,100.0
25-07-2025 - DE - Xiaomi - Man - Creative 3,MV25-64 - Adset 3,120232531603680679,120232531603480679,Facebook.com - Sweeps - SOI - Xiaomi - DE - UA82 - BM1 - Acc 5,455,2025-07-26 08:37:12,0.4925,0.0,-0.49,1,1,0,-100.0,1,0,100.0
25-07-2025 - US - Aldi - Creative 3,MV25-64 - Adset 4,120229247263590075,120229247264780075,Facebook.com - Sweeps - SOI - Aldi - Tester - US - UA64 - BM1 - Acc 3,391,2025-07-26 08:33:52,0.355,0.0,-0.36,1,1,0,-100.0,1,0,100.0
24-07-2025 - DE - Gillette - Man - Creative 4,Adset #1,120228794634080368,120228794635020368,Facebook.com - Sweeps - SOI - Gillette - DE - UA50 - BM2 - Acc 1,415,2025-07-26 08:32:56,0.4433,0.0,-0.44,1,1,0,-100.0,1,0,100.0
25-07-2025 - DE - Xiaomi - Man - Creative 4,MV25-64 - Adset 1,120232532219850679,120232532220510679,Facebook.com - Sweeps - SOI - Xiaomi - DE - UA82 - BM1 - Acc 5,455,2025-07-26 08:23:25,1.6,0.0,-1.6,1,1,0,-100.0,0,0,0.0
24-07-2025 - DE - Makita - Photos NEW - Man - Creative 2,Adset #1,120227495042640519,120227495044230519,Facebook.com - Sweeps - SOI - Makita - DE - UA83 - BM1 - Acc 1,426,2025-07-26 08:20:21,0.2567,0.0,-0.26,1,1,0,-100.0,1,0,100.0
25-07-2025 - DE - Gillette - Creative 1,MV25-64 - Adset 1,120228985740590368,120228985742890368,Facebook.com - Sweeps - SOI - Gillette - DE - UA50 - BM2 - Acc 1,415,2025-07-26 08:20:03,0.8,0.0,-0.8,1,1,0,-100.0,0,0,0.0
25-07-2025 - US - Aldi - Creative 5,MV25-64 - Adset 5,120229247264340075,120229247264680075,Facebook.com - Sweeps - SOI - Aldi - Tester - US - UA64 - BM1 - Acc 3,391,2025-07-26 08:15:29,0.31,0.0,-0.31,1,1,0,-100.0,1,0,100.0
07-07-2025 - US - Aldi - Creative 10,Adset #4,120227961675480075,120227961761710075,Facebook.com - Sweeps - SOI - Aldi - Tester - US - UA64 - BM1 - Acc 3,391,2025-07-26 08:12:58,0.22,0.0,-0.22,1,1,0,-100.0,1,0,100.0
23-07-2025 - DE - Rituals - Woman - Creative 4,Adset #3,120230627283350045,120230627398300045,Facebook.com - Sweeps - SOI - Rituals - DE - UA85 - BM1 - Acc 1,458,2025-07-26 08:07:23,3.89,0.0,-3.89,1,1,0,-100.0,1,0,100.0
25-07-2025 - DE - Gillette - Creative 5,MV25-64 - Adset 1,120228987231070368,120228987231020368,Facebook.com - Sweeps - SOI - Gillette - DE - UA50 - BM2 - Acc 1,415,2025-07-26 08:05:44,0.97,4.3,3.33,1,1,1,343.3,1,100,100.0
25-07-2025 - DE - Xiaomi - Man - Creative 2,MV25-64 - Adset 1,120232531200490679,120232531200540679,Facebook.com - Sweeps - SOI - Xiaomi - DE - UA82 - BM1 - Acc 5,455,2025-07-26 08:05:19,0.8,0.0,-0.8,1,1,0,-100.0,1,0,100.0
25-07-2025 - DE - Rituals - Creative 3,25-64 - Adset 2,120230831546050045,120230831546390045,Facebook.com - Sweeps - SOI - Rituals - DE - UA85 - BM1 - Acc 1,458,2025-07-26 07:59:38,0.8,0.0,-0.8,1,1,0,-100.0,1,0,100.0
25-07-2025 - US - Aldi - Creative 3,MV25-64 - Adset 5,120229247263590075,120229247264700075,Facebook.com - Sweeps - SOI - Aldi - Tester - US - UA64 - BM1 - Acc 3,391,2025-07-26 07:46:17,0.1309,0.0,-0.13,1,1,0,-100.0,1,0,100.0
23-07-2025 - DE - Rituals - Woman - Creative 2,Adset #4,120230627105940045,120230627161770045,Facebook.com - Sweeps - SOI - Rituals - DE - UA85 - BM1 - Acc 1,458,2025-07-26 07:34:42,0.2247,0.0,-0.22,1,1,0,-100.0,1,0,100.0
25-07-2025 - DE - Rituals - Creative 4,25-64 - Adset 2,120230831546100045,120230831547000045,Facebook.com - Sweeps - SOI - Rituals - DE - UA85 - BM1 - Acc 1,458,2025-07-26 07:30:12,1.29,0.0,-1.29,1,1,0,-100.0,0,0,0.0
25-07-2025 - US - Aldi - Creative 3,MV25-64 - Adset 1,120229247263590075,120229247264620075,Facebook.com - Sweeps - SOI - Aldi - Tester - US - UA64 - BM1 - Acc 3,391,2025-07-26 07:24:57,0.26,0.0,-0.26,1,1,0,-100.0,1,0,100.0
23-07-2025 - UK - Lenor - Woman - Creative 2,Adset #1,120231939970540400,120231939971840400,Facebook.com - Sweeps - SOI - Lenor - UK - UA25 - BM1 - Acc 3,457,2025-07-26 07:10:26,0.2033,0.0,-0.2,1,1,0,-100.0,0,0,0.0
23-07-2025 - DE - Xiaomi - Creative 1,Adset #5,120229974433090210,120229974527910210,Facebook.com - Sweeps - SOI - Xiaomi - DE - UA83 - BM1 - Acc 2,430,2025-07-26 06:52:19,0.33,0.0,-0.33,1,0,0,-100.0,0,0,0.0
23-07-2025 - DE - Makita - Photo - Creative 5,Adset #3,120227446682300519,120227446699350519,Facebook.com - Sweeps - SOI - Makita - DE - UA83 - BM1 - Acc 1,426,2025-07-26 06:47:25,0.62,0.0,-0.62,1,1,0,-100.0,1,0,100.0
25-07-2025 - DE - Rituals - Creative 3,25-64 - Adset 5,120230831546050045,120230831546950045,Facebook.com - Sweeps - SOI - Rituals - DE - UA85 - BM1 - Acc 1,458,2025-07-26 06:37:16,0.87,0.0,-0.87,1,1,0,-100.0,1,0,100.0
25-07-2025 - US - Aldi - Creative 4,MV25-64 - Adset 3,120229247264480075,120229247264660075,Facebook.com - Sweeps - SOI - Aldi - Tester - US - UA64 - BM1 - Acc 3,391,2025-07-26 06:34:38,0.1488,0.0,-0.15,1,1,0,-100.0,1,0,100.0
18-07-2025 - DE - Xiaomi - Creative 5,Adset #1,120229697100520210,120229697101710210,Facebook.com - Sweeps - SOI - Xiaomi - DE - UA83 - BM1 - Acc 2,430,2025-07-26 06:31:22,0.2905,0.0,-0.29,1,1,0,-100.0,0,0,0.0
25-07-2025 - US - Aldi - Creative 4,MV25-64 - Adset 2,120229247264480075,120229247264730075,Facebook.com - Sweeps - SOI - Aldi - Tester - US - UA64 - BM1 - Acc 3,391,2025-07-26 06:25:18,0.16,3.41,3.25,1,1,1,2032.43,1,100,100.0
25-07-2025 - DE - Rituals - Creative 1,25-64 - Adset 4,120230831091010045,120230831537470045,Facebook.com - Sweeps - SOI - Rituals - DE - UA85 - BM1 - Acc 1,458,2025-07-26 06:23:02,0.71,0.0,-0.71,1,1,0,-100.0,0,0,0.0
25-07-2025 - DE - Barilla - Creative 1,MV25-64 - Adset 2,120230190686660235,120230191601320235,Facebook.com - Sweeps - SOI - Barilla - DE - UA49 - BM1 - Acc 3,443,2025-07-26 06:20:51,0.535,0.0,-0.54,1,1,0,-100.0,0,0,0.0
23-07-2025 - UK - Lenor - Woman - Creative 2,Adset #2,120231939970540400,120231940002470400,Facebook.com - Sweeps - SOI - Lenor - UK - UA25 - BM1 - Acc 3,457,2025-07-26 06:15:53,0.0933,0.0,-0.09,1,1,0,-100.0,0,0,0.0
23-07-2025 - DE - Xiaomi - Creative 5,Adset #4,120229975531080210,120229975648860210,Facebook.com - Sweeps - SOI - Xiaomi - DE - UA83 - BM1 - Acc 2,430,2025-07-26 06:03:55,0.27,0.0,-0.27,1,1,0,-100.0,0,0,0.0
25-07-2025 - DE - Xiaomi - Man - Creative 2,MV25-64 - Adset 5,120232531200490679,120232531200610679,Facebook.com - Sweeps - SOI - Xiaomi - DE - UA82 - BM1 - Acc 5,455,2025-07-26 06:03:42,0.4067,0.0,-0.41,1,1,0,-100.0,1,0,100.0
25-07-2025 - US - Aldi - Creative 1,MV25-64 - Adset 5,120229247006550075,120229247246380075,Facebook.com - Sweeps - SOI - Aldi - Tester - US - UA64 - BM1 - Acc 3,391,2025-07-26 06:03:28,0.1533,0.0,-0.15,1,1,0,-100.0,1,0,100.0
23-07-2025 - IT - Douglas - Woman - Creative 1,Adset #4,120230635912900628,120230635953840628,Facebook.com - Sweeps - SOI - Douglas - IT - UA18 - BM1 - Acc 6,406,2025-07-26 06:00:26,0.1242,0.0,-0.12,1,1,0,-100.0,0,0,0.0
25-07-2025 - US - Aldi - Creative 3,MV25-64 - Adset 2,120229247263590075,120229247264740075,Facebook.com - Sweeps - SOI - Aldi - Tester - US - UA64 - BM1 - Acc 3,391,2025-07-26 05:58:30,0.32,0.0,-0.32,1,1,0,-100.0,0,0,0.0
25-07-2025 - US - Aldi - Creative 5,MV25-64 - Adset 1,120229247264340075,120229247263570075,Facebook.com - Sweeps - SOI - Aldi - Tester - US - UA64 - BM1 - Acc 3,391,2025-07-26 05:55:09,0.15,0.0,-0.15,1,1,0,-100.0,1,0,100.0
24-07-2025 - DE - Makita - Photos NEW - Man - Creative 5,Adset #3,120227495561110519,120227495627670519,Facebook.com - Sweeps - SOI - Makita - DE - UA83 - BM1 - Acc 1,426,2025-07-26 05:55:00,1.18,0.0,-1.18,1,1,0,-100.0,0,0,0.0
25-07-2025 - DE - Lenor - Woman - Images - Creative 2,MV25-64 - Adset 1,120231726691570596,120231726691580596,Facebook.com - Sweeps - SOI - Lenor - DE - UA78 - BM1 - Acc 1,454,2025-07-26 05:54:49,1.33,0.0,-1.33,1,1,0,-100.0,1,0,100.0
23-07-2025 - UK - Lenor - Woman - Creative 3,Adset #1,120231940194440400,120231940195420400,Facebook.com - Sweeps - SOI - Lenor - UK - UA25 - BM1 - Acc 3,457,2025-07-26 05:36:02,0.96,0.0,-0.96,1,1,0,-100.0,1,0,100.0
25-07-2025 - US - Aldi - Creative 2,MV25-64 - Adset 1,120229247263580075,120229247264630075,Facebook.com - Sweeps - SOI - Aldi - Tester - US - UA64 - BM1 - Acc 3,391,2025-07-26 05:24:43,0.2233,0.0,-0.22,1,1,0,-100.0,1,0,100.0
25-07-2025 - DE - Barilla - Creative 5,MV25-64 - Adset 4,120230191644290235,120230191644700235,Facebook.com - Sweeps - SOI - Barilla - DE - UA49 - BM1 - Acc 3,443,2025-07-26 05:06:47,0.2,0.0,-0.2,1,1,0,-100.0,0,0,0.0
25-07-2025 - US - Aldi - Creative 4,MV25-64 - Adset 4,120229247264480075,120229247264770075,Facebook.com - Sweeps - SOI - Aldi - Tester - US - UA64 - BM1 - Acc 3,391,2025-07-26 05:06:24,0.126,0.0,-0.13,1,1,0,-100.0,1,0,100.0
25-07-2025 - US - Aldi - Creative 5,MV25-64 - Adset 2,120229247264340075,120229247264720075,Facebook.com - Sweeps - SOI - Aldi - Tester - US - UA64 - BM1 - Acc 3,391,2025-07-26 04:51:30,0.2367,0.0,-0.24,1,1,0,-100.0,1,0,100.0
07-07-2025 - US - Aldi - Creative 10,Adset #1,120227961675480075,120227961677460075,Facebook.com - Sweeps - SOI - Aldi - Tester - US - UA64 - BM1 - Acc 3,391,2025-07-26 04:05:06,0.0,0.0,0.0,1,0,0,0.0,0,0,0.0
25-07-2025 - US - Aldi - Creative 2,MV25-64 - Adset 5,120229247263580075,120229247264600075,Facebook.com - Sweeps - SOI - Aldi - Tester - US - UA64 - BM1 - Acc 3,391,2025-07-26 04:03:39,0.1629,0.0,-0.16,1,1,0,-100.0,1,0,100.0
25-07-2025 - US - Aldi - Creative 4,MV25-64 - Adset 1,120229247264480075,120229247264610075,Facebook.com - Sweeps - SOI - Aldi - Tester - US - UA64 - BM1 - Acc 3,391,2025-07-26 03:21:29,0.46,0.0,-0.46,1,1,0,-100.0,1,0,100.0
25-07-2025 - US - Aldi - Creative 5,MV25-64 - Adset 4,120229247264340075,120229247264760075,Facebook.com - Sweeps - SOI - Aldi - Tester - US - UA64 - BM1 - Acc 3,391,2025-07-26 03:06:51,0.465,0.0,-0.47,1,1,0,-100.0,0,0,0.0
25-07-2025 - DE - Rituals - Creative 3,25-64 - Adset 1,120230831546050045,120230831546940045,Facebook.com - Sweeps - SOI - Rituals - DE - UA85 - BM1 - Acc 1,458,2025-07-26 02:58:06,0.38,0.0,-0.38,1,1,0,-100.0,0,0,0.0
25-07-2025 - US - Aldi - Creative 1,MV25-64 - Adset 3,120229247006550075,120229247246370075,Facebook.com - Sweeps - SOI - Aldi - Tester - US - UA64 - BM1 - Acc 3,391,2025-07-26 02:23:04,0.84,3.41,2.57,1,1,1,306.18,1,100,100.0
23-07-2025 - UK - Lenor - Woman - Creative 4,Adset #3,120231940316570400,120231940379130400,Facebook.com - Sweeps - SOI - Lenor - UK - UA25 - BM1 - Acc 3,457,2025-07-26 01:46:01,0.2743,0.0,-0.27,1,1,0,-100.0,0,0,0.0
25-07-2025 - DE - Rituals - Creative 1,25-64 - Adset 5,120230831091010045,120230831537370045,Facebook.com - Sweeps - SOI - Rituals - DE - UA85 - BM1 - Acc 1,458,2025-07-26 01:29:03,0.42,0.0,-0.42,1,1,0,-100.0,0,0,0.0
23-07-2025 - UK - Lenor - Woman - Creative 2,Adset #4,120231939970540400,120231940045730400,Facebook.com - Sweeps - SOI - Lenor - UK - UA25 - BM1 - Acc 3,457,2025-07-26 01:13:24,0.51,0.0,-0.51,1,1,0,-100.0,1,0,100.0
25-07-2025 - DE - Xiaomi - Man - Creative 4,MV25-64 - Adset 4,120232532219850679,120232532220500679,Facebook.com - Sweeps - SOI - Xiaomi - DE - UA82 - BM1 - Acc 5,455,2025-07-26 00:57:49,0.36,0.0,-0.36,1,1,0,-100.0,1,0,100.0
25-07-2025 - DE - Rituals - Creative 4,25-64 - Adset 4,120230831546100045,120230831547010045,Facebook.com - Sweeps - SOI - Rituals - DE - UA85 - BM1 - Acc 1,458,2025-07-26 00:36:29,1.29,0.0,-1.29,1,1,0,-100.0,1,0,100.0
10-07-2025 - DE - Makita - Creative 2,Adset #2,120226717318460519,120226717370310519,Facebook.com - Sweeps - SOI - Makita - DE - UA83 - BM1 - Acc 1,426,2025-07-26 00:27:56,0.22,0.0,-0.22,1,1,0,-100.0,1,0,100.0
23-07-2025 - UK - Lenor - Woman - Creative 5,Adset #4,120231940484510400,120231940534240400,Facebook.com - Sweeps - SOI - Lenor - UK - UA25 - BM1 - Acc 3,457,2025-07-26 00:27:25,0.0,0.0,0.0,1,1,0,0.0,1,0,100.0
25-07-2025 - DE - Xiaomi - Man - Creative 1,MV25-64 - Adset 1,120232529859980679,120232529859990679,Facebook.com - Sweeps - SOI - Xiaomi - DE - UA82 - BM1 - Acc 5,455,2025-07-26 00:20:25,0.43,4.3,3.87,1,1,1,900.0,1,100,100.0
24-07-2025 - DE - Makita - Photos NEW - Man - Creative 3,Adset #5,120227495130180519,120227495398510519,Facebook.com - Sweeps - SOI - Makita - DE - UA83 - BM1 - Acc 1,426,2025-07-26 00:10:20,0.19,0.0,-0.19,1,1,0,-100.0,0,0,0.0
23-07-2025 - UK - Lenor - Woman - Creative 5,Adset #2,120231940484510400,120231940503770400,Facebook.com - Sweeps - SOI - Lenor - UK - UA25 - BM1 - Acc 3,457,2025-07-26 00:05:23,0.01,0.0,-0.01,1,0,0,-100.0,1,0,100.0
23-07-2025 - DE - Lenor - Woman - Creative 2,Adset #1,120231582718890596,120231582719670596,Facebook.com - Sweeps - SOI - Lenor - DE - UA78 - BM1 - Acc 1,454,2025-07-26 00:01:53,0.0,0.0,0.0,1,0,0,0.0,0,0,0.0
23-07-2025 - DE - Rituals - Woman - Creative 3,Adset #5,120230627196100045,120230627270210045,Facebook.com - Sweeps - SOI - Rituals - DE - UA85 - BM1 - Acc 1,458,2025-07-25 23:56:42,0.6608,0.0,-0.66,1,1,0,-100.0,1,0,100.0
25-07-2025 - DE - Barilla - Creative 5,MV25-64 - Adset 1,120230191644290235,120230191643540235,Facebook.com - Sweeps - SOI - Barilla - DE - UA49 - BM1 - Acc 3,443,2025-07-25 23:53:27,0.1978,0.0,-0.2,1,1,0,-100.0,0,0,0.0
24-07-2025 - DE - Gillette - Man - Creative 1,Adset #2,120228794082060368,120228794103040368,Facebook.com - Sweeps - SOI - Gillette - DE - UA50 - BM2 - Acc 1,415,2025-07-25 23:49:40,0.4395,0.0,-0.44,1,0,0,-100.0,0,0,0.0
23-07-2025 - DE - Rituals - Woman - Creative 4,Adset #2,120230627283350045,120230627304290045,Facebook.com - Sweeps - SOI - Rituals - DE - UA85 - BM1 - Acc 1,458,2025-07-25 23:36:39,0.6986,0.0,-0.7,1,1,0,-100.0,0,0,0.0
23-07-2025 - DE - Rituals - Woman - Creative 5,Adset #2,120230627430160045,120230627444900045,Facebook.com - Sweeps - SOI - Rituals - DE - UA85 - BM1 - Acc 1,458,2025-07-25 23:36:33,0.4205,0.0,-0.42,1,0,0,-100.0,0,0,0.0
23-07-2025 - DE - Rituals - Woman - Creative 1,Adset #3,120230627012310045,120230627065100045,Facebook.com - Sweeps - SOI - Rituals - DE - UA85 - BM1 - Acc 1,458,2025-07-25 23:35:41,2.105,0.0,-2.11,1,1,0,-100.0,0,0,0.0
23-07-2025 - IT - Douglas - Woman - Creative 1,Adset #1,120230635912900628,120230635914330628,Facebook.com - Sweeps - SOI - Douglas - IT - UA18 - BM1 - Acc 6,406,2025-07-25 23:31:01,0.2271,2.0,1.77,1,1,1,780.5,1,100,100.0
25-07-2025 - DE - Gillette - Creative 3,MV25-64 - Adset 1,120228987231040368,120228987232240368,Facebook.com - Sweeps - SOI - Gillette - DE - UA50 - BM2 - Acc 1,415,2025-07-25 23:30:36,0.61,0.0,-0.61,1,1,0,-100.0,1,0,100.0
25-07-2025 - DE - Rituals - Creative 1,25-64 - Adset 3,120230831091010045,120230831537350045,Facebook.com - Sweeps - SOI - Rituals - DE - UA85 - BM1 - Acc 1,458,2025-07-25 23:27:04,0.665,0.0,-0.67,1,1,0,-100.0,1,0,100.0
25-07-2025 - DE - Xiaomi - Man - Creative 2,MV25-64 - Adset 3,120232531200490679,120232531200750679,Facebook.com - Sweeps - SOI - Xiaomi - DE - UA82 - BM1 - Acc 5,455,2025-07-25 23:24:11,2.56,0.0,-2.56,1,1,0,-100.0,1,0,100.0
23-07-2025 - DE - Rituals - Woman - Creative 2,Adset #5,120230627105940045,120230627183430045,Facebook.com - Sweeps - SOI - Rituals - DE - UA85 - BM1 - Acc 1,458,2025-07-25 23:22:35,0.587,0.0,-0.59,1,1,0,-100.0,0,0,0.0
25-07-2025 - DE - Gillette - Creative 4,MV25-64 - Adset 2,120228987231050368,120228987232210368,Facebook.com - Sweeps - SOI - Gillette - DE - UA50 - BM2 - Acc 1,415,2025-07-25 23:15:55,0.275,0.0,-0.28,1,0,0,-100.0,0,0,0.0
23-07-2025 - IT - Douglas - Woman - Creative 5,Adset #3,120230637011480628,120230637267090628,Facebook.com - Sweeps - SOI - Douglas - IT - UA18 - BM1 - Acc 6,406,2025-07-25 23:08:25,0.1881,0.0,-0.19,1,1,0,-100.0,0,0,0.0
23-07-2025 - DE - Makita - Photo - Creative 2,Adset #2,120227446543050519,120227446554490519,Facebook.com - Sweeps - SOI - Makita - DE - UA83 - BM1 - Acc 1,426,2025-07-25 23:07:16,0.4147,0.0,-0.41,1,1,0,-100.0,0,0,0.0
25-07-2025 - DE - Xiaomi - Man - Creative 5,MV25-64 - Adset 5,120232532810460679,120232532810450679,Facebook.com - Sweeps - SOI - Xiaomi - DE - UA82 - BM1 - Acc 5,455,2025-07-25 23:07:02,0.4483,0.0,-0.45,1,1,0,-100.0,1,0,100.0
25-07-2025 - DE - Rituals - Creative 5,25-64 - Adset 3,120230831545890045,120230831546240045,Facebook.com - Sweeps - SOI - Rituals - DE - UA85 - BM1 - Acc 1,458,2025-07-25 22:53:47,0.7833,0.0,-0.78,1,1,0,-100.0,1,0,100.0
25-07-2025 - DE - Gillette - Creative 1,MV25-64 - Adset 4,120228985740590368,120228987067750368,Facebook.com - Sweeps - SOI - Gillette - DE - UA50 - BM2 - Acc 1,415,2025-07-25 22:46:03,0.34,0.0,-0.34,1,0,0,-100.0,0,0,0.0
24-07-2025 - DE - Makita - Photos NEW - Man - Creative 3,Adset #4,120227495130180519,120227495341490519,Facebook.com - Sweeps - SOI - Makita - DE - UA83 - BM1 - Acc 1,426,2025-07-25 22:44:42,0.4979,0.0,-0.5,1,1,0,-100.0,0,0,0.0
25-07-2025 - DE - Lenor - Woman - Images - Creative 1,MV25-64 - Adset 4,120231726260940596,120231726588330596,Facebook.com - Sweeps - SOI - Lenor - DE - UA78 - BM1 - Acc 1,454,2025-07-25 22:44:04,0.4061,0.0,-0.41,1,1,0,-100.0,1,0,100.0
23-07-2025 - DE - Lenor - Woman - Creative 5,Adset #4,120231582976540596,120231583237120596,Facebook.com - Sweeps - SOI - Lenor - DE - UA78 - BM1 - Acc 1,454,2025-07-25 22:34:22,0.7275,0.0,-0.73,1,1,0,-100.0,0,0,0.0
23-07-2025 - DE - Makita - Photo - Creative 5,Adset #2,120227446682300519,120227446692610519,Facebook.com - Sweeps - SOI - Makita - DE - UA83 - BM1 - Acc 1,426,2025-07-25 22:24:11,0.37,0.0,-0.37,1,0,0,-100.0,0,0,0.0
25-07-2025 - DE - Rituals - Creative 2,25-64 - Adset 5,120230831546810045,120230831546010045,Facebook.com - Sweeps - SOI - Rituals - DE - UA85 - BM1 - Acc 1,458,2025-07-25 22:21:50,0.7067,0.0,-0.71,1,1,0,-100.0,1,0,100.0
25-07-2025 - DE - Rituals - Creative 5,25-64 - Adset 4,120230831545890045,120230831546120045,Facebook.com - Sweeps - SOI - Rituals - DE - UA85 - BM1 - Acc 1,458,2025-07-25 22:20:48,0.654,0.0,-0.65,1,1,0,-100.0,1,0,100.0
24-07-2025 - DE - Gillette - Man - Creative 2,Adset #4,120228794210580368,120228794356740368,Facebook.com - Sweeps - SOI - Gillette - DE - UA50 - BM2 - Acc 1,415,2025-07-25 21:52:45,0.4215,0.0,-0.42,1,1,0,-100.0,1,0,100.0
25-07-2025 - US - Aldi - Creative 1,MV25-64 - Adset 2,120229247006550075,120229247246500075,Facebook.com - Sweeps - SOI - Aldi - Tester - US - UA64 - BM1 - Acc 3,391,2025-07-25 21:44:34,0.0369,0.0,-0.04,1,1,0,-100.0,1,0,100.0
25-07-2025 - DE - Rituals - Creative 2,25-64 - Adset 1,120230831546810045,120230831546370045,Facebook.com - Sweeps - SOI - Rituals - DE - UA85 - BM1 - Acc 1,458,2025-07-25 21:43:49,0.386,0.0,-0.39,1,1,0,-100.0,0,0,0.0
24-07-2025 - DE - Makita - Photos NEW - Man - Creative 1,Adset #2,120227494924560519,120227494943770519,Facebook.com - Sweeps - SOI - Makita - DE - UA83 - BM1 - Acc 1,426,2025-07-25 21:33:04,0.5142,0.0,-0.51,1,1,0,-100.0,1,0,100.0
24-07-2025 - DE - Makita - Photos NEW - Man - Creative 5,Adset #2,120227495561110519,120227495593960519,Facebook.com - Sweeps - SOI - Makita - DE - UA83 - BM1 - Acc 1,426,2025-07-25 21:31:06,0.4931,0.0,-0.49,1,1,0,-100.0,1,0,100.0
24-07-2025 - DE - Gillette - Man - Creative 3,Adset #2,120228794387900368,120228794404150368,Facebook.com - Sweeps - SOI - Gillette - DE - UA50 - BM2 - Acc 1,415,2025-07-25 21:18:30,0.415,4.5,4.09,1,1,1,984.34,1,100,100.0
22-07-2025 - UK - Dove - Woman - 25-35 - Creative 3,Adset #1,120231856253830400,120231856256840400,Facebook.com - Sweeps - SOI - Dove - UK - UA25 - BM1 - Acc 3,210,2025-07-25 21:08:37,0.2748,0.0,-0.27,1,1,0,-100.0,0,0,0.0
25-07-2025 - DE - Xiaomi - Man - Creative 3,MV25-64 - Adset 2,120232531603680679,120232531603570679,Facebook.com - Sweeps - SOI - Xiaomi - DE - UA82 - BM1 - Acc 5,455,2025-07-25 21:07:07,0.3,0.0,-0.3,1,1,0,-100.0,1,0,100.0
23-07-2025 - DE - Rituals - Woman - Creative 3,Adset #3,120230627196100045,120230627228620045,Facebook.com - Sweeps - SOI - Rituals - DE - UA85 - BM1 - Acc 1,458,2025-07-25 21:01:30,1.1388,0.0,-1.14,1,1,0,-100.0,1,0,100.0
25-07-2025 - DE - Lenor - Woman - Images - Creative 4,MV25-64 - Adset 3,120231727220670596,120231727220790596,Facebook.com - Sweeps - SOI - Lenor - DE - UA78 - BM1 - Acc 1,454,2025-07-25 20:59:19,0.5833,0.0,-0.58,1,1,0,-100.0,1,0,100.0
23-07-2025 - UK - Lenor - Woman - Creative 5,Adset #1,120231940484510400,120231940485120400,Facebook.com - Sweeps - SOI - Lenor - UK - UA25 - BM1 - Acc 3,457,2025-07-25 20:58:24,0.3118,0.0,-0.31,1,1,0,-100.0,0,0,0.0
23-07-2025 - IT - Douglas - Woman - Creative 4,Adset #1,120230636478640628,120230636494080628,Facebook.com - Sweeps - SOI - Douglas - IT - UA18 - BM1 - Acc 6,406,2025-07-25 20:51:44,0.2081,0.0,-0.21,1,1,0,-100.0,0,0,0.0
23-07-2025 - DE - Rituals - Woman - Creative 2,Adset #2,120230627105940045,120230627127420045,Facebook.com - Sweeps - SOI - Rituals - DE - UA85 - BM1 - Acc 1,458,2025-07-25 20:50:07,0.8442,0.0,-0.84,1,1,0,-100.0,1,0,100.0
23-07-2025 - DE - Makita - Photo - Creative 2,Adset #5,120227446543050519,120227446579910519,Facebook.com - Sweeps - SOI - Makita - DE - UA83 - BM1 - Acc 1,426,2025-07-25 20:47:15,0.5846,0.0,-0.58,1,1,0,-100.0,1,0,100.0
24-07-2025 - DE - Makita - Photos NEW - Man - Creative 3,Adset #3,120227495130180519,120227495272360519,Facebook.com - Sweeps - SOI - Makita - DE - UA83 - BM1 - Acc 1,426,2025-07-25 20:45:12,0.7067,0.0,-0.71,1,1,0,-100.0,1,0,100.0
23-07-2025 - DE - Lenor - Woman - Creative 5,Adset #1,120231582976540596,120231582977210596,Facebook.com - Sweeps - SOI - Lenor - DE - UA78 - BM1 - Acc 1,454,2025-07-25 20:43:09,0.7127,0.0,-0.71,1,1,0,-100.0,1,0,100.0
23-07-2025 - DE - Makita - Man - Creative 4,Adset #4,120227403910460519,120227404131140519,Facebook.com - Sweeps - SOI - Makita - DE - UA83 - BM1 - Acc 1,426,2025-07-25 20:41:00,0.4267,0.0,-0.43,1,0,0,-100.0,0,0,0.0
25-07-2025 - DE - Xiaomi - Man - Creative 1,MV25-64 - Adset 4,120232529859980679,120232530632620679,Facebook.com - Sweeps - SOI - Xiaomi - DE - UA82 - BM1 - Acc 5,455,2025-07-25 20:14:53,0.87,0.0,-0.87,1,1,0,-100.0,1,0,100.0
23-07-2025 - DE - Lenor - Woman - Creative 2,Adset #2,120231582718890596,120231582731590596,Facebook.com - Sweeps - SOI - Lenor - DE - UA78 - BM1 - Acc 1,454,2025-07-25 20:12:21,0.4293,0.0,-0.43,1,1,0,-100.0,0,0,0.0
23-07-2025 - DE - Makita - Photo - Creative 3,Adset #1,120227446586830519,120227446587530519,Facebook.com - Sweeps - SOI - Makita - DE - UA83 - BM1 - Acc 1,426,2025-07-25 20:06:52,0.4717,0.0,-0.47,1,1,0,-100.0,0,0,0.0
24-07-2025 - DE - Makita - Photos NEW - Man - Creative 4,Adset #1,120227495441190519,120227495443050519,Facebook.com - Sweeps - SOI - Makita - DE - UA83 - BM1 - Acc 1,426,2025-07-25 19:54:50,0.7027,0.0,-0.7,1,0,0,-100.0,0,0,0.0
24-07-2025 - DE - Gillette - Man - Creative 2,Adset #5,120228794210580368,120228794376350368,Facebook.com - Sweeps - SOI - Gillette - DE - UA50 - BM2 - Acc 1,415,2025-07-25 19:37:59,0.385,0.0,-0.39,1,1,0,-100.0,1,0,100.0
22-07-2025 - UK - Lenor - Woman - 35-45 - Creative 3,Adset #1,120231859712530400,120231859713260400,Facebook.com - Sweeps - SOI - Lenor - UK - UA25 - BM1 - Acc 3,457,2025-07-25 19:32:52,0.03,0.0,-0.03,1,1,0,-100.0,1,0,100.0
25-07-2025 - DE - Barilla - Creative 2,MV25-64 - Adset 5,120230191643550235,120230191644710235,Facebook.com - Sweeps - SOI - Barilla - DE - UA49 - BM1 - Acc 3,443,2025-07-25 19:09:40,1.95,0.0,-1.95,1,1,0,-100.0,0,0,0.0
24-07-2025 - DE - Gillette - Man - Creative 2,Adset #1,120228794210580368,120228794211120368,Facebook.com - Sweeps - SOI - Gillette - DE - UA50 - BM2 - Acc 1,415,2025-07-25 18:49:13,1.1933,0.0,-1.19,1,1,0,-100.0,0,0,0.0
24-07-2025 - DE - Gillette - Man - Creative 1,Adset #4,120228794082060368,120228794133740368,Facebook.com - Sweeps - SOI - Gillette - DE - UA50 - BM2 - Acc 1,415,2025-07-25 18:35:12,0.412,0.0,-0.41,1,1,0,-100.0,0,0,0.0
25-07-2025 - DE - Rituals - Creative 5,25-64 - Adset 2,120230831545890045,120230831546360045,Facebook.com - Sweeps - SOI - Rituals - DE - UA85 - BM1 - Acc 1,458,2025-07-25 18:12:01,0.54,0.0,-0.54,1,0,0,-100.0,0,0,0.0
23-07-2025 - UK - Lenor - Woman - Creative 1,Adset #4,120231939782770400,120231939923470400,Facebook.com - Sweeps - SOI - Lenor - UK - UA25 - BM1 - Acc 3,457,2025-07-25 18:02:57,0.2322,0.0,-0.23,1,0,0,-100.0,1,0,100.0
25-07-2025 - DE - Rituals - Creative 1,25-64 - Adset 1,120230831091010045,120230831091020045,Facebook.com - Sweeps - SOI - Rituals - DE - UA85 - BM1 - Acc 1,458,2025-07-25 17:57:29,1.51,0.0,-1.51,1,1,0,-100.0,1,0,100.0
23-07-2025 - DE - Rituals - Woman - Creative 4,Adset #4,120230627283350045,120230627409580045,Facebook.com - Sweeps - SOI - Rituals - DE - UA85 - BM1 - Acc 1,458,2025-07-25 17:56:46,1.675,0.0,-1.68,1,0,0,-100.0,0,0,0.0
24-07-2025 - DE - Makita - Photos NEW - Man - Creative 2,Adset #3,120227495042640519,120227495072290519,Facebook.com - Sweeps - SOI - Makita - DE - UA83 - BM1 - Acc 1,426,2025-07-25 17:55:38,0.4286,0.0,-0.43,1,1,0,-100.0,1,0,100.0
23-07-2025 - DE - Rituals - Woman - Creative 1,Adset #2,120230627012310045,120230627056530045,Facebook.com - Sweeps - SOI - Rituals - DE - UA85 - BM1 - Acc 1,458,2025-07-25 17:54:01,0.805,0.0,-0.81,1,1,0,-100.0,0,0,0.0
25-07-2025 - DE - Rituals - Creative 3,25-64 - Adset 4,120230831546050045,120230831545950045,Facebook.com - Sweeps - SOI - Rituals - DE - UA85 - BM1 - Acc 1,458,2025-07-25 17:34:19,0.5,4.3,3.8,1,1,1,760.0,1,100,100.0
24-07-2025 - DE - Gillette - Man - Creative 2,Adset #3,120228794210580368,120228794347600368,Facebook.com - Sweeps - SOI - Gillette - DE - UA50 - BM2 - Acc 1,415,2025-07-25 17:31:23,0.61,0.0,-0.61,1,1,0,-100.0,0,0,0.0
25-07-2025 - DE - Rituals - Creative 2,25-64 - Adset 2,120230831546810045,120230831546410045,Facebook.com - Sweeps - SOI - Rituals - DE - UA85 - BM1 - Acc 1,458,2025-07-25 17:26:09,0.35,4.3,3.95,1,1,1,1128.57,1,100,100.0
25-07-2025 - DE - Lenor - Woman - Images - Creative 5,MV25-64 - Adset 4,120231727461810596,120231727461710596,Facebook.com - Sweeps - SOI - Lenor - DE - UA78 - BM1 - Acc 1,454,2025-07-25 17:26:02,1.01,0.0,-1.01,1,1,0,-100.0,1,0,100.0
23-07-2025 - DE - Lenor - Woman - Creative 4,Adset #5,120231582859090596,120231582957980596,Facebook.com - Sweeps - SOI - Lenor - DE - UA78 - BM1 - Acc 1,454,2025-07-25 17:24:37,0.3037,0.0,-0.3,1,1,0,-100.0,0,0,0.0
24-07-2025 - DE - Gillette - Man - Creative 4,Adset #2,120228794634080368,120228794801360368,Facebook.com - Sweeps - SOI - Gillette - DE - UA50 - BM2 - Acc 1,415,2025-07-25 17:18:01,0.4433,0.0,-0.44,1,1,0,-100.0,1,0,100.0
23-07-2025 - DE - Makita - Photo - Creative 4,Adset #2,120227446635140519,120227446642870519,Facebook.com - Sweeps - SOI - Makita - DE - UA83 - BM1 - Acc 1,426,2025-07-25 17:15:21,0.4108,0.0,-0.41,1,1,0,-100.0,0,0,0.0
24-07-2025 - DE - Lenor - Images - Creative 3,Adset #1,120231684754840596,120231684755030596,Facebook.com - Sweeps - SOI - Lenor - DE - UA78 - BM1 - Acc 1,454,2025-07-25 16:54:00,0.7115,0.0,-0.71,1,0,0,-100.0,0,0,0.0
23-07-2025 - DE - Rituals - Woman - Creative 5,Adset #4,120230627430160045,120230627477250045,Facebook.com - Sweeps - SOI - Rituals - DE - UA85 - BM1 - Acc 1,458,2025-07-25 15:57:08,1.28,0.0,-1.28,1,1,0,-100.0,0,0,0.0
23-07-2025 - DE - Lenor - Woman - Creative 2,Adset #5,120231582718890596,120231582771440596,Facebook.com - Sweeps - SOI - Lenor - DE - UA78 - BM1 - Acc 1,454,2025-07-25 15:53:10,0.3322,0.0,-0.33,1,1,0,-100.0,1,0,100.0
25-07-2025 - DE - Lenor - Woman - Images - Creative 4,MV25-64 - Adset 4,120231727220670596,120231727220800596,Facebook.com - Sweeps - SOI - Lenor - DE - UA78 - BM1 - Acc 1,454,2025-07-25 15:37:22,0.4214,0.0,-0.42,1,1,0,-100.0,1,0,100.0
25-07-2025 - DE - Lenor - Woman - Images - Creative 3,MV25-64 - Adset 1,120231726914000596,120231726914100596,Facebook.com - Sweeps - SOI - Lenor - DE - UA78 - BM1 - Acc 1,454,2025-07-25 15:30:19,1.075,0.0,-1.08,1,1,0,-100.0,0,0,0.0
23-07-2025 - DE - Rituals - Woman - Creative 5,Adset #3,120230627430160045,120230627460420045,Facebook.com - Sweeps - SOI - Rituals - DE - UA85 - BM1 - Acc 1,458,2025-07-25 15:29:08,0.395,0.0,-0.4,1,1,0,-100.0,1,0,100.0
25-07-2025 - DE - Lenor - Woman - Images - Creative 4,MV25-64 - Adset 1,120231727220670596,120231727220810596,Facebook.com - Sweeps - SOI - Lenor - DE - UA78 - BM1 - Acc 1,454,2025-07-25 15:26:44,0.4318,0.0,-0.43,1,1,0,-100.0,0,0,0.0
24-07-2025 - DE - Gillette - Man - Creative 5,Adset #2,120228794886340368,120228794983040368,Facebook.com - Sweeps - SOI - Gillette - DE - UA50 - BM2 - Acc 1,415,2025-07-25 15:25:27,1.185,0.0,-1.19,1,1,0,-100.0,1,0,100.0
25-07-2025 - DE - Lenor - Woman - Images - Creative 4,MV25-64 - Adset 2,120231727220670596,120231727220780596,Facebook.com - Sweeps - SOI - Lenor - DE - UA78 - BM1 - Acc 1,454,2025-07-25 15:12:27,2.82,0.0,-2.82,1,1,0,-100.0,0,0,0.0
25-07-2025 - DE - Lenor - Woman - Images - Creative 2,MV25-64 - Adset 2,120231726691570596,120231726691680596,Facebook.com - Sweeps - SOI - Lenor - DE - UA78 - BM1 - Acc 1,454,2025-07-25 15:08:45,0.715,0.0,-0.72,1,1,0,-100.0,0,0,0.0
25-07-2025 - DE - Lenor - Woman - Images - Creative 5,MV25-64 - Adset 3,120231727461810596,120231727461790596,Facebook.com - Sweeps - SOI - Lenor - DE - UA78 - BM1 - Acc 1,454,2025-07-25 15:06:03,1.935,4.5,2.57,1,1,1,132.56,1,100,100.0
22-07-2025 - SE - Marabou - Woman - 45-55 - Creative 3,Adset #1,120231357620170295,120231357621560295,Facebook.com - Sweeps - SOI - Marabou - SE - UA68 - BM1 - Acc 2,308,2025-07-25 15:04:25,0.2944,0.0,-0.29,1,1,0,-100.0,0,0,0.0
24-07-2025 - DE - Gillette - Man - Creative 1,Adset #3,120228794082060368,120228794116620368,Facebook.com - Sweeps - SOI - Gillette - DE - UA50 - BM2 - Acc 1,415,2025-07-25 14:56:58,0.6511,0.0,-0.65,1,1,0,-100.0,1,0,100.0
25-07-2025 - DE - Lenor - Woman - Images - Creative 2,MV25-64 - Adset 4,120231726691570596,120231726691670596,Facebook.com - Sweeps - SOI - Lenor - DE - UA78 - BM1 - Acc 1,454,2025-07-25 14:55:54,1.37,0.0,-1.37,1,1,0,-100.0,0,0,0.0
25-07-2025 - DE - Xiaomi - Man - Creative 5,MV25-64 - Adset 2,120232532810460679,120232532810590679,Facebook.com - Sweeps - SOI - Xiaomi - DE - UA82 - BM1 - Acc 5,455,2025-07-25 14:50:39,0.76,0.0,-0.76,1,1,0,-100.0,1,0,100.0
25-07-2025 - DE - Lenor - Woman - Images - Creative 5,MV25-64 - Adset 2,120231727461810596,120231727461720596,Facebook.com - Sweeps - SOI - Lenor - DE - UA78 - BM1 - Acc 1,454,2025-07-25 14:49:12,0.7067,0.0,-0.71,1,1,0,-100.0,0,0,0.0
25-07-2025 - DE - Lenor - Woman - Images - Creative 3,MV25-64 - Adset 4,120231726914000596,120231726914090596,Facebook.com - Sweeps - SOI - Lenor - DE - UA78 - BM1 - Acc 1,454,2025-07-25 14:45:07,2.49,0.0,-2.49,1,1,0,-100.0,0,0,0.0
25-07-2025 - DE - Lenor - Woman - Images - Creative 5,MV25-64 - Adset 5,120231727461810596,120231727461690596,Facebook.com - Sweeps - SOI - Lenor - DE - UA78 - BM1 - Acc 1,454,2025-07-25 14:45:05,2.255,0.0,-2.26,1,1,0,-100.0,0,0,0.0
25-07-2025 - DE - Lenor - Woman - Images - Creative 2,MV25-64 - Adset 3,120231726691570596,120231726691660596,Facebook.com - Sweeps - SOI - Lenor - DE - UA78 - BM1 - Acc 1,454,2025-07-25 14:45:01,1.898,0.0,-1.9,1,1,0,-100.0,0,0,0.0
25-07-2025 - DE - Lenor - Woman - Images - Creative 3,MV25-64 - Adset 2,120231726914000596,120231726913940596,Facebook.com - Sweeps - SOI - Lenor - DE - UA78 - BM1 - Acc 1,454,2025-07-25 14:44:25,2.08,0.0,-2.08,2,1,0,-100.0,0,0,0.0
25-07-2025 - DE - Lenor - Woman - Images - Creative 4,MV25-64 - Adset 5,120231727220670596,120231727220650596,Facebook.com - Sweeps - SOI - Lenor - DE - UA78 - BM1 - Acc 1,454,2025-07-25 14:43:39,1.5033,0.0,-1.5,1,1,0,-100.0,1,0,100.0
25-07-2025 - DE - Lenor - Woman - Images - Creative 5,MV25-64 - Adset 1,120231727461810596,120231727461730596,Facebook.com - Sweeps - SOI - Lenor - DE - UA78 - BM1 - Acc 1,454,2025-07-25 14:43:25,1.945,0.0,-1.95,1,1,0,-100.0,0,0,0.0
25-07-2025 - DE - Lenor - Woman - Images - Creative 3,MV25-64 - Adset 5,120231726914000596,120231726914070596,Facebook.com - Sweeps - SOI - Lenor - DE - UA78 - BM1 - Acc 1,454,2025-07-25 14:42:56,2.42,0.0,-2.42,1,1,0,-100.0,1,0,100.0
25-07-2025 - DE - Lenor - Woman - Images - Creative 2,MV25-64 - Adset 5,120231726691570596,120231726691690596,Facebook.com - Sweeps - SOI - Lenor - DE - UA78 - BM1 - Acc 1,454,2025-07-25 14:42:14,0.59,0.0,-0.59,1,1,0,-100.0,0,0,0.0
23-07-2025 - DE - Makita - Photo - Creative 4,Adset #3,120227446635140519,120227446653550519,Facebook.com - Sweeps - SOI - Makita - DE - UA83 - BM1 - Acc 1,426,2025-07-25 14:34:25,0.458,0.0,-0.46,1,0,0,-100.0,1,0,100.0
23-07-2025 - DE - Lenor - Woman - Creative 3,Adset #2,120231582789310596,120231582802910596,Facebook.com - Sweeps - SOI - Lenor - DE - UA78 - BM1 - Acc 1,454,2025-07-25 14:28:45,0.524,0.0,-0.52,1,1,0,-100.0,0,0,0.0
25-07-2025 - DE - Lenor - Woman - Images - Creative 1,MV25-64 - Adset 1,120231726260940596,120231726260950596,Facebook.com - Sweeps - SOI - Lenor - DE - UA78 - BM1 - Acc 1,454,2025-07-25 14:11:25,0.5,0.0,-0.5,1,1,0,-100.0,1,0,100.0
24-07-2025 - DE - Gillette - Man - Creative 3,Adset #5,120228794387900368,120228794611730368,Facebook.com - Sweeps - SOI - Gillette - DE - UA50 - BM2 - Acc 1,415,2025-07-25 13:44:17,0.6933,0.0,-0.69,1,1,0,-100.0,0,0,0.0
24-07-2025 - DE - Gillette - Man - Creative 5,Adset #5,120228794886340368,120228795131770368,Facebook.com - Sweeps - SOI - Gillette - DE - UA50 - BM2 - Acc 1,415,2025-07-25 13:37:30,1.665,0.0,-1.67,1,0,0,-100.0,0,0,0.0
23-07-2025 - DE - Makita - Photo - Creative 1,Adset #4,120227446506250519,120227446531040519,Facebook.com - Sweeps - SOI - Makita - DE - UA83 - BM1 - Acc 1,426,2025-07-25 13:36:12,0.955,0.0,-0.96,1,1,0,-100.0,0,0,0.0
23-07-2025 - DE - Makita - Man - Creative 3,Adset #2,120227403731420519,120227403756860519,Facebook.com - Sweeps - SOI - Makita - DE - UA83 - BM1 - Acc 1,426,2025-07-25 13:32:20,0.1733,0.0,-0.17,1,0,0,-100.0,0,0,0.0
23-07-2025 - DE - Lenor - Woman - Creative 2,Adset #4,120231582718890596,120231582757800596,Facebook.com - Sweeps - SOI - Lenor - DE - UA78 - BM1 - Acc 1,454,2025-07-25 12:58:24,0.1982,0.0,-0.2,1,0,0,-100.0,0,0,0.0
23-07-2025 - UK - Lenor - Woman - Creative 3,Adset #4,120231940194440400,120231940274390400,Facebook.com - Sweeps - SOI - Lenor - UK - UA25 - BM1 - Acc 3,457,2025-07-25 12:55:41,0.274,0.0,-0.27,1,1,0,-100.0,1,0,100.0
23-07-2025 - DE - Lenor - Woman - Creative 5,Adset #5,120231582976540596,120231583254140596,Facebook.com - Sweeps - SOI - Lenor - DE - UA78 - BM1 - Acc 1,454,2025-07-25 12:05:47,0.57,0.0,-0.57,1,1,0,-100.0,1,0,100.0
22-07-2025 - UK - Lenor - Woman - 55-64 - Creative 4,Adset #1,120231859941430400,120231859941830400,Facebook.com - Sweeps - SOI - Lenor - UK - UA25 - BM1 - Acc 3,457,2025-07-25 12:00:41,0.2473,0.0,-0.25,1,1,0,-100.0,0,0,0.0
24-07-2025 - DE - Makita - Photos NEW - Man - Creative 1,Adset #3,120227494924560519,120227494975920519,Facebook.com - Sweeps - SOI - Makita - DE - UA83 - BM1 - Acc 1,426,2025-07-25 11:38:49,1.17,0.0,-1.17,1,1,0,-100.0,0,0,0.0
23-07-2025 - UK - Lenor - Woman - Creative 4,Adset #2,120231940316570400,120231940348720400,Facebook.com - Sweeps - SOI - Lenor - UK - UA25 - BM1 - Acc 3,457,2025-07-25 11:36:48,0.3978,0.0,-0.4,1,0,0,-100.0,0,0,0.0
23-07-2025 - UK - Lenor - Woman - Creative 1,Adset #2,120231939782770400,120231939879150400,Facebook.com - Sweeps - SOI - Lenor - UK - UA25 - BM1 - Acc 3,457,2025-07-25 11:24:30,0.2175,0.0,-0.22,1,1,0,-100.0,1,0,100.0
24-07-2025 - DE - Lenor - Images - Creative 4,Adset #1,120231684786900596,120231684787310596,Facebook.com - Sweeps - SOI - Lenor - DE - UA78 - BM1 - Acc 1,454,2025-07-25 11:21:15,1.544,0.0,-1.54,1,1,0,-100.0,1,0,100.0
23-07-2025 - DE - Makita - Man - Creative 4,Adset #3,120227403910460519,120227404025090519,Facebook.com - Sweeps - SOI - Makita - DE - UA83 - BM1 - Acc 1,426,2025-07-25 11:17:20,0.2071,0.0,-0.21,1,1,0,-100.0,0,0,0.0
24-07-2025 - DE - Makita - Photos NEW - Man - Creative 4,Adset #4,120227495441190519,120227495527570519,Facebook.com - Sweeps - SOI - Makita - DE - UA83 - BM1 - Acc 1,426,2025-07-25 11:16:05,0.6171,0.0,-0.62,1,1,0,-100.0,1,0,100.0
23-07-2025 - IT - Douglas - Woman - Creative 1,Adset #3,120230635912900628,120230635941920628,Facebook.com - Sweeps - SOI - Douglas - IT - UA18 - BM1 - Acc 6,406,2025-07-25 11:12:40,0.2271,0.0,-0.23,1,1,0,-100.0,0,0,0.0
23-07-2025 - IT - Douglas - Woman - Creative 3,Adset #2,120230636152280628,120230636190150628,Facebook.com - Sweeps - SOI - Douglas - IT - UA18 - BM1 - Acc 6,406,2025-07-25 11:07:39,0.1113,0.0,-0.11,1,1,0,-100.0,0,0,0.0
23-07-2025 - IT - Douglas - Woman - Creative 4,Adset #5,120230636478640628,120230636937130628,Facebook.com - Sweeps - SOI - Douglas - IT - UA18 - BM1 - Acc 6,406,2025-07-25 11:01:20,0.1268,0.0,-0.13,1,1,0,-100.0,1,0,100.0
23-07-2025 - DE - Makita - Photo - Creative 2,Adset #3,120227446543050519,120227446564160519,Facebook.com - Sweeps - SOI - Makita - DE - UA83 - BM1 - Acc 1,426,2025-07-25 10:37:22,0.36,0.0,-0.36,1,1,0,-100.0,1,0,100.0
23-07-2025 - DE - Makita - Photo - Creative 1,Adset #1,120227446506250519,120227446507070519,Facebook.com - Sweeps - SOI - Makita - DE - UA83 - BM1 - Acc 1,426,2025-07-25 10:30:01,0.505,0.0,-0.51,1,1,0,-100.0,1,0,100.0
23-07-2025 - DE - Lenor - Woman - Creative 5,Adset #3,120231582976540596,120231583172810596,Facebook.com - Sweeps - SOI - Lenor - DE - UA78 - BM1 - Acc 1,454,2025-07-25 09:47:49,0.5933,0.0,-0.59,1,1,0,-100.0,0,0,0.0
24-07-2025 - DE - Makita - Photos NEW - Man - Creative 1,Adset #5,120227494924560519,120227495025230519,Facebook.com - Sweeps - SOI - Makita - DE - UA83 - BM1 - Acc 1,426,2025-07-25 09:47:06,0.684,0.0,-0.68,1,1,0,-100.0,0,0,0.0
24-07-2025 - DE - Gillette - Man - Creative 4,Adset #4,120228794634080368,120228794856310368,Facebook.com - Sweeps - SOI - Gillette - DE - UA50 - BM2 - Acc 1,415,2025-07-25 08:56:28,0.56,4.5,3.94,1,1,1,703.57,1,100,100.0
23-07-2025 - DE - Lenor - Woman - Creative 3,Adset #1,120231582789310596,120231582790450596,Facebook.com - Sweeps - SOI - Lenor - DE - UA78 - BM1 - Acc 1,454,2025-07-25 08:41:28,0.4563,0.0,-0.46,1,1,0,-100.0,0,0,0.0
23-07-2025 - IT - Douglas - Woman - Creative 1,Adset #2,120230635912900628,120230635934290628,Facebook.com - Sweeps - SOI - Douglas - IT - UA18 - BM1 - Acc 6,406,2025-07-25 08:41:17,0.275,0.0,-0.28,1,1,0,-100.0,1,0,100.0
23-07-2025 - IT - Douglas - Woman - Creative 5,Adset #2,120230637011480628,120230637161830628,Facebook.com - Sweeps - SOI - Douglas - IT - UA18 - BM1 - Acc 6,406,2025-07-25 08:39:49,0.368,0.0,-0.37,1,1,0,-100.0,0,0,0.0
24-07-2025 - DE - Gillette - Man - Creative 3,Adset #1,120228794387900368,120228794388540368,Facebook.com - Sweeps - SOI - Gillette - DE - UA50 - BM2 - Acc 1,415,2025-07-25 08:32:10,0.6233,0.0,-0.62,1,1,0,-100.0,0,0,0.0
24-07-2025 - DE - Makita - Photos NEW - Man - Creative 5,Adset #4,120227495561110519,120227495645240519,Facebook.com - Sweeps - SOI - Makita - DE - UA83 - BM1 - Acc 1,426,2025-07-25 08:29:55,2.93,0.0,-2.93,2,2,0,-100.0,0,0,0.0
24-07-2025 - DE - Makita - Photos NEW - Man - Creative 1,Adset #1,120227494924560519,120227494926910519,Facebook.com - Sweeps - SOI - Makita - DE - UA83 - BM1 - Acc 1,426,2025-07-25 08:21:32,3.01,0.0,-3.01,1,1,0,-100.0,1,0,100.0
24-07-2025 - DE - Makita - Photos NEW - Man - Creative 5,Adset #5,120227495561110519,120227495663670519,Facebook.com - Sweeps - SOI - Makita - DE - UA83 - BM1 - Acc 1,426,2025-07-25 08:18:23,1.68,0.0,-1.68,1,1,0,-100.0,1,0,100.0
23-07-2025 - DE - Lenor - Woman - Creative 3,Adset #4,120231582789310596,120231582834150596,Facebook.com - Sweeps - SOI - Lenor - DE - UA78 - BM1 - Acc 1,454,2025-07-25 07:54:04,0.2175,0.0,-0.22,1,1,0,-100.0,0,0,0.0
23-07-2025 - DE - Lenor - Woman - Creative 4,Adset #3,120231582859090596,120231582893360596,Facebook.com - Sweeps - SOI - Lenor - DE - UA78 - BM1 - Acc 1,454,2025-07-25 07:27:39,0.36,0.0,-0.36,1,1,0,-100.0,0,0,0.0
24-07-2025 - DE - Makita - Photos NEW - Man - Creative 2,Adset #2,120227495042640519,120227495058060519,Facebook.com - Sweeps - SOI - Makita - DE - UA83 - BM1 - Acc 1,426,2025-07-25 07:27:15,1.57,0.0,-1.57,1,1,0,-100.0,0,0,0.0
23-07-2025 - UK - Lenor - Woman - Creative 1,Adset #3,120231939782770400,120231939905200400,Facebook.com - Sweeps - SOI - Lenor - UK - UA25 - BM1 - Acc 3,457,2025-07-25 07:03:26,0.2925,0.0,-0.29,1,1,0,-100.0,0,0,0.0
23-07-2025 - IT - Douglas - Woman - Creative 2,Adset #4,120230635990900628,120230636078820628,Facebook.com - Sweeps - SOI - Douglas - IT - UA18 - BM1 - Acc 6,406,2025-07-25 06:19:15,0.47,0.0,-0.47,1,1,0,-100.0,1,0,100.0
24-07-2025 - DE - Makita - Photos NEW - Man - Creative 2,Adset #5,120227495042640519,120227495106100519,Facebook.com - Sweeps - SOI - Makita - DE - UA83 - BM1 - Acc 1,426,2025-07-25 05:39:28,2.625,0.0,-2.63,1,1,0,-100.0,0,0,0.0
24-07-2025 - DE - Makita - Photos NEW - Man - Creative 4,Adset #2,120227495441190519,120227495473240519,Facebook.com - Sweeps - SOI - Makita - DE - UA83 - BM1 - Acc 1,426,2025-07-25 05:38:27,1.93,0.0,-1.93,1,1,0,-100.0,0,0,0.0
24-07-2025 - DE - Gillette - Man - Creative 5,Adset #1,120228794886340368,120228794891500368,Facebook.com - Sweeps - SOI - Gillette - DE - UA50 - BM2 - Acc 1,415,2025-07-25 05:13:59,0.34,0.0,-0.34,1,1,0,-100.0,1,0,100.0
24-07-2025 - DE - Lenor - Images - Creative 1,Adset #1,120231684554900596,120231684555590596,Facebook.com - Sweeps - SOI - Lenor - DE - UA78 - BM1 - Acc 1,454,2025-07-25 04:30:43,0.935,0.0,-0.94,1,1,0,-100.0,1,0,100.0
24-07-2025 - DE - Lenor - Images - Creative 5,Adset #1,120231684814860596,120231684815190596,Facebook.com - Sweeps - SOI - Lenor - DE - UA78 - BM1 - Acc 1,454,2025-07-25 02:59:58,0.57,0.0,-0.57,1,1,0,-100.0,1,0,100.0
23-07-2025 - DE - Lenor - Woman - Creative 1,Adset #3,120231582664680596,120231582681890596,Facebook.com - Sweeps - SOI - Lenor - DE - UA78 - BM1 - Acc 1,454,2025-07-25 02:55:45,0.211,0.0,-0.21,1,1,0,-100.0,0,0,0.0
24-07-2025 - DE - Makita - Photos NEW - Man - Creative 4,Adset #5,120227495441190519,120227495539540519,Facebook.com - Sweeps - SOI - Makita - DE - UA83 - BM1 - Acc 1,426,2025-07-25 02:51:07,2.7,0.0,-2.7,1,1,0,-100.0,1,0,100.0
23-07-2025 - UK - Lenor - Woman - Creative 5,Adset #5,120231940484510400,120231940589710400,Facebook.com - Sweeps - SOI - Lenor - UK - UA25 - BM1 - Acc 3,457,2025-07-25 01:15:35,0.048,0.0,-0.05,1,1,0,-100.0,1,0,100.0
24-07-2025 - DE - Makita - Photos NEW - Man - Creative 1,Adset #4,120227494924560519,120227495002550519,Facebook.com - Sweeps - SOI - Makita - DE - UA83 - BM1 - Acc 1,426,2025-07-25 01:04:20,0.7267,0.0,-0.73,1,1,0,-100.0,0,0,0.0
24-07-2025 - DE - Lenor - Images - Creative 2,Adset #1,120231684718060596,120231684718830596,Facebook.com - Sweeps - SOI - Lenor - DE - UA78 - BM1 - Acc 1,454,2025-07-25 00:57:38,0.3025,0.0,-0.3,1,0,0,-100.0,0,0,0.0
23-07-2025 - DE - Makita - Man - Creative 2,Adset #3,120227403522120519,120227403633860519,Facebook.com - Sweeps - SOI - Makita - DE - UA83 - BM1 - Acc 1,426,2025-07-25 00:53:53,0.1967,0.0,-0.2,1,1,0,-100.0,1,0,100.0
23-07-2025 - IT - Douglas - Woman - Creative 2,Adset #3,120230635990900628,120230636042490628,Facebook.com - Sweeps - SOI - Douglas - IT - UA18 - BM1 - Acc 6,406,2025-07-25 00:41:54,0.0533,0.0,-0.05,1,1,0,-100.0,0,0,0.0
23-07-2025 - UK - Lenor - Woman - Creative 4,Adset #4,120231940316570400,120231940419530400,Facebook.com - Sweeps - SOI - Lenor - UK - UA25 - BM1 - Acc 3,457,2025-07-25 00:18:51,0.28,0.0,-0.28,1,1,0,-100.0,0,0,0.0
23-07-2025 - DE - Makita - Man - Creative 5,Adset #3,120227404451810519,120227404669260519,Facebook.com - Sweeps - SOI - Makita - DE - UA83 - BM1 - Acc 1,426,2025-07-25 00:09:29,0.02,0.0,-0.02,1,0,0,-100.0,0,0,0.0
24-07-2025 - DE - Makita - Photos NEW - Man - Creative 3,Adset #2,120227495130180519,120227495178300519,Facebook.com - Sweeps - SOI - Makita - DE - UA83 - BM1 - Acc 1,426,2025-07-25 00:08:02,1.545,0.0,-1.55,1,1,0,-100.0,0,0,0.0
24-07-2025 - DE - Makita - Photos NEW - Man - Creative 4,Adset #3,120227495441190519,120227495511630519,Facebook.com - Sweeps - SOI - Makita - DE - UA83 - BM1 - Acc 1,426,2025-07-25 00:01:25,5.21,0.0,-5.21,1,1,0,-100.0,0,0,0.0
